patron_id,name,email,phone,address,deposit
779760,Garth Rafe,grafe0@instagram.com,2854704305,0187 Towne Court,305.18
858027,Field Cubbin,fcubbin1@reverbnation.com,8199497122,26 Delladonna Avenue,347.34
16372,Kerry Cumes,kcumes2@google.cn,3979120276,257 Debs Point,210.17
563632,Hoebart Mehew,hmehew3@sciencedaily.com,4359118447,042 Independence Court,156.32
29333,Nial Filimore,nfilimore4@sbwire.com,5107697011,62323 Paget Street,371.06
877495,Abra Saunier,asaunier5@walmart.com,7279201665,5595 Golf View Lane,363.3
375683,Dionne Capron,dcapron6@microsoft.com,3416817633,05 Aberg Point,467.1
365689,Dorian Seathwright,dseathwright7@nifty.com,6812751512,11213 Springs Street,186.22
820568,Daffie Mastrantone,dmastrantone8@nba.com,2269183987,82 Mayer Drive,456.09
66042,Lisetta Atwill,latwill9@chicagotribune.com,9619005339,17 Algoma Court,193.31
997339,Norrie Bugge,nbuggea@hibu.com,7516322852,46512 Service Plaza,210.04
936448,Gavan Gribbins,ggribbinsb@ibm.com,5246783301,52500 Marquette Point,487.78
576345,Corey Mallard,cmallardc@imdb.com,5601862567,37234 Delladonna Drive,219.33
176283,Jannel Wille,jwilled@flavors.me,9455955459,77 Oak Valley Lane,379.09
412079,Rafaela Oulett,roulette@si.edu,8065370921,5472 Anniversary Point,458.48
492976,Thea Corsan,tcorsanf@vinaora.com,4087732065,46 Iowa Trail,473.28
490468,Wilie Kopec,wkopecg@nhs.uk,7175270561,15 Oakridge Court,226.14
372295,Betta Sustins,bsustinsh@businesswire.com,4536964085,52052 Arizona Place,402.77
969340,Leesa Phipson,lphipsoni@zimbio.com,9795975580,3 Moose Parkway,363.97
97081,Farrel Morrill,fmorrillj@nbcnews.com,2411429647,628 Ridge Oak Parkway,380.74
294343,Marcile Redan,mredank@wufoo.com,9318552069,5 Dawn Way,255.45
909177,Bambie Sinson,bsinsonl@google.com.au,7555195337,2660 Delaware Alley,279.94
897320,Boyd Sweeney,bsweeneym@mozilla.com,3502688752,343 Sommers Park,406.48
466672,Roseanne Mouncey,rmounceyn@alibaba.com,1324999790,48592 Esch Court,495.06
992686,Nan Wince,nwinceo@reference.com,6655752597,0155 Fair Oaks Hill,407.26
859185,Zahara Clewes,zclewesp@blogtalkradio.com,7726087487,0 Clove Parkway,201.36
265670,Kev Stockney,kstockneyq@hud.gov,5728884770,6 Duke Lane,369.32
740819,Brett Lyness,blynessr@bandcamp.com,8745874834,9129 Iowa Parkway,199.83
119161,Miguela Eldin,meldins@xrea.com,3305599467,471 2nd Pass,312.73
859679,Abba Torbard,atorbardt@miitbeian.gov.cn,5317167288,742 Delaware Terrace,182.09
638782,Petr Fahy,pfahyu@chron.com,7094939096,0 Jackson Trail,287.93
86927,Pierce Callister,pcallisterv@yolasite.com,6928156289,65 Michigan Center,183.44
525055,Teodorico Salerno,tsalernow@blog.com,5079979573,33434 Fuller Parkway,197.54
280586,Aileen Munning,amunningx@un.org,2719796351,1942 Colorado Trail,204.1
307213,Monika Heskins,mheskinsy@seesaa.net,5477842472,6203 Onsgard Crossing,409.75
740183,Katrine Vogt,kvogtz@npr.org,1461204714,157 Butterfield Trail,493.08
744348,Pernell Lacelett,placelett10@slate.com,8354684431,4 Coolidge Park,319.15
324091,Fidela Mardlin,fmardlin11@tinypic.com,7416692260,73284 Muir Place,345.35
989794,Mahmud Carff,mcarff12@seattletimes.com,2568057004,560 Lerdahl Parkway,488.05
967005,Titus Noorwood,tnoorwood13@woothemes.com,9857815398,36517 Huxley Center,338.43
862649,Burl Juorio,bjuorio14@google.fr,9847414351,97 Holmberg Way,292.1
369318,Geoff Guilford,gguilford15@nba.com,9619007129,2 Logan Hill,234.81
663031,Rice Harden,rharden16@wisc.edu,6499798773,142 Maple Wood Place,310.13
868104,Electra Windham,ewindham17@theglobeandmail.com,3159083170,6750 Transport Trail,218.87
449909,Giacomo Albarez,galbarez18@ehow.com,1502552490,8 Hagan Point,348.3
374231,Alberta Cuckson,acuckson19@wikimedia.org,6055983744,40047 Raven Drive,183.26
951659,Morrie Dmitrienko,mdmitrienko1a@chicagotribune.com,2339346509,2 Larry Trail,197.7
80657,Eddie Scandred,escandred1b@nifty.com,1496285242,5874 Sunnyside Pass,357.54
730161,Griffy Bogie,gbogie1c@tripod.com,9675629514,691 Dryden Circle,316.15
989511,Gilberta Brigge,gbrigge1d@pbs.org,9103339997,90 Hintze Trail,280.78
481616,Valerie Peete,vpeete1e@buzzfeed.com,5397543806,33 Bashford Junction,202.95
40804,Carolann Winsom,cwinsom1f@adobe.com,2879877106,3 Spaight Junction,478.96
277822,Ashlin Nisco,anisco1g@youku.com,3455388686,2674 Sheridan Crossing,334.13
206045,Gwenora Delle,gdelle1h@nymag.com,3571150270,2315 Dennis Circle,403
940574,Meridel Dobby,mdobby1i@vkontakte.ru,2558612831,93 Burrows Pass,161.7
488640,Ferdinand Congreave,fcongreave1j@zdnet.com,2588079439,6519 Anhalt Street,430.47
905741,Rogers Smolan,rsmolan1k@chronoengine.com,2521553878,9 Sutherland Parkway,199.26
630581,Kailey Ewestace,kewestace1l@vkontakte.ru,1911055964,0476 Ohio Parkway,480.47
795872,Rubia McCourt,rmccourt1m@blog.com,4799433916,077 Hagan Road,273.14
90591,Nelli Eyam,neyam1n@google.fr,8099334033,227 Harbort Drive,452.66
607846,Miltie Corley,mcorley1o@ca.gov,2041907415,47 Fulton Road,347.06
712817,Abbot Kitchenham,akitchenham1p@rediff.com,6158970295,5307 Continental Lane,298.76
445879,Danny Really,dreally1q@elegantthemes.com,8991759689,88 Armistice Point,266.24
403250,Aurea Yegorchenkov,ayegorchenkov1r@weather.com,6896764065,838 Eastwood Hill,184.02
30281,Bevan Murrhaupt,bmurrhaupt1s@shutterfly.com,8659150394,14608 Sachs Plaza,446.83
512598,Cyndie Treat,ctreat1t@aol.com,6639026515,81 Del Mar Point,326.6
715655,Fonz Gilliam,fgilliam1u@state.tx.us,3225700419,3375 Fisk Terrace,363.57
662255,Barry Odger,bodger1v@weather.com,3026307174,2 Grim Street,351.39
51536,Kerry Bartkowiak,kbartkowiak1w@surveymonkey.com,1285733114,5306 Golf View Center,176.98
426356,Devon Gyenes,dgyenes1x@mozilla.org,9465495604,817 Jana Court,152.36
448427,Lindsay Garfoot,lgarfoot1y@mlb.com,4166581417,213 Raven Trail,166.71
733023,Lorilyn Crampsy,lcrampsy1z@1und1.de,6443786703,5 Memorial Crossing,464.66
457493,Viviyan Loch,vloch20@chron.com,7156237756,90947 Lakewood Gardens Plaza,380.18
125393,Dyna Daens,ddaens21@bbb.org,8869608260,7644 Westridge Plaza,467.15
96557,Kathie McKeighan,kmckeighan22@woothemes.com,7437857051,953 Rusk Park,268.39
483424,Lissi Bullivent,lbullivent23@mtv.com,1372476732,20 Bashford Center,152.04
521587,Gavan Passie,gpassie24@blogspot.com,6233490886,912 Schurz Terrace,350.02
277562,Barbara-anne Spraging,bspraging25@photobucket.com,2687893592,8 Thackeray Center,206.53
35156,Cassondra Elvidge,celvidge26@typepad.com,6535317015,072 Anzinger Lane,422.48
565734,Dennis Moorman,dmoorman27@myspace.com,2127666154,70824 Carpenter Crossing,465.77
940845,August Robichon,arobichon28@foxnews.com,2063644141,298 Onsgard Crossing,159
462711,Tony Twelves,ttwelves29@jimdo.com,2553322583,767 Corry Alley,190.54
913471,Creight Radnage,cradnage2a@symantec.com,7542043095,056 Mandrake Crossing,227.38
251677,Burke Wrathmell,bwrathmell2b@theguardian.com,7536350483,56457 Manufacturers Avenue,161.83
53005,Philip Geering,pgeering2c@cargocollective.com,4111688402,3 Cody Park,223.09
61883,Maurits Manilove,mmanilove2d@meetup.com,4104323164,6833 Mallard Junction,225.57
779121,Carlie Millward,cmillward2e@elegantthemes.com,5378597012,5 Mayfield Terrace,339.19
939103,Jamey Jobke,jjobke2f@about.me,5519835882,89690 5th Road,394.55
472717,Danit Whife,dwhife2g@elpais.com,9286395593,03521 Maryland Road,427.59
465141,Lorne Rossant,lrossant2h@auda.org.au,8699978763,782 Columbus Way,394.77
831733,Florance De Biaggi,fde2i@t.co,3798166995,386 Anderson Pass,200.07
164054,Kiley Ager,kager2j@hud.gov,1953176752,40344 Elgar Way,399.36
716540,Ambrosio Sawer,asawer2k@blogs.com,2965782693,051 Oakridge Avenue,335.99
959008,Bronny Heugel,bheugel2l@privacy.gov.au,7991918747,8 Kinsman Circle,210.8
308956,Joella MacTrustam,jmactrustam2m@wikimedia.org,5391055888,43 Mosinee Pass,270.16
284414,Rahal Gounet,rgounet2n@tiny.cc,2718911325,0 Dennis Street,203.05
331787,Anabella Offiler,aoffiler2o@marriott.com,6354544474,14 Melrose Road,499.61
372512,Olin Trehearne,otrehearne2p@sciencedaily.com,5946609565,1 Delaware Plaza,447.51
654605,Guido Fancourt,gfancourt2q@merriam-webster.com,3577729883,512 Toban Park,269.62
520824,Rudie Frizell,rfrizell2r@woothemes.com,6886630780,05200 Hauk Place,446.38
518264,Dorrie Bendare,dbendare2s@oaic.gov.au,4095298436,622 Dawn Parkway,202.21
428325,Rosa Minkin,rminkin2t@sakura.ne.jp,8113477910,8 South Center,274.66
198900,Floyd Hutten,fhutten2u@merriam-webster.com,3946131258,301 Carberry Drive,282.35
953554,Haskel Maffini,hmaffini2v@toplist.cz,8886625495,6 Moland Plaza,328.03
794481,Kirbee Elden,kelden2w@apple.com,3818360851,981 Homewood Alley,188.43
382151,Harwell Wynes,hwynes2x@cocolog-nifty.com,7384009572,18 Arkansas Place,245.25
764049,Chastity Pavia,cpavia2y@smh.com.au,8581586705,64329 Ryan Road,267.12
128507,Shepherd Huckin,shuckin2z@bbc.co.uk,6652817638,592 Northview Street,298.14
531408,Andrei Wermerling,awermerling30@bigcartel.com,5626684556,89 Amoth Center,153.93
621400,Eberhard Titherington,etitherington31@4shared.com,6046901179,83 Vera Street,271.31
590447,Kathie Abbey,kabbey32@yandex.ru,1778040747,62 Tony Court,445.41
89964,Sib Trye,strye33@storify.com,4323366037,6005 Arapahoe Drive,153.88
110392,Sheryl Feehan,sfeehan34@wikispaces.com,7557478757,10351 Michigan Pass,486.27
669649,Ester Boote,eboote35@gov.uk,1128954436,1315 Golf Court,358.1
542273,Miguelita Reuss,mreuss36@archive.org,7282676298,529 Bartillon Drive,459.25
762264,Bobbie Prewer,bprewer37@unc.edu,6628467219,5718 Melrose Avenue,341.03
336334,Bethena Athridge,bathridge38@wordpress.org,5999890774,028 Amoth Junction,156.77
976985,Sloan Barizeret,sbarizeret39@imageshack.us,5217246240,98299 Donald Way,486.23
719055,Dagny McArdle,dmcardle3a@prlog.org,9694850450,64 Merrick Point,176.39
986937,Reginauld Reston,rreston3b@creativecommons.org,8097178224,8913 Main Avenue,477.28
80658,Stephan Burgett,sburgett3c@addtoany.com,4442678775,4162 Bashford Alley,265.39
248804,Gerrard Eagleton,geagleton3d@webs.com,4624743781,9 Blackbird Point,207.72
66489,Aldridge Bradly,abradly3e@unc.edu,1743827521,9 Mockingbird Park,484.9
618040,Sheilakathryn Ricker,sricker3f@altervista.org,3102782888,95 Sugar Court,166.68
350216,Zulema Scamwell,zscamwell3g@aboutads.info,7678679223,3 Victoria Way,239.63
960620,Fianna Sparshett,fsparshett3h@goodreads.com,3527707359,0 Nelson Street,362.21
603002,Kitty Alleyne,kalleyne3i@google.de,1576782151,662 Clarendon Place,352.9
583082,Percy Tooker,ptooker3j@samsung.com,3126968608,8582 Daystar Terrace,268.36
486016,Othello Dansie,odansie3k@over-blog.com,6796745835,0073 Roxbury Road,278.64
817903,Maybelle Evett,mevett3l@joomla.org,5512647276,7 Ohio Center,270.31
371621,Rodie Kleint,rkleint3m@squarespace.com,9162404438,50 Lerdahl Way,351.92
662527,Arleta Emptage,aemptage3n@usda.gov,9879471370,30763 Monterey Point,251.44
488598,Lita Matyas,lmatyas3o@last.fm,7035866603,786 Claremont Court,275.07
615946,Melesa Guislin,mguislin3p@webeden.co.uk,2057449147,3 Summer Ridge Place,214.75
546235,Aveline Diehn,adiehn3q@sakura.ne.jp,8256325473,1 Shelley Alley,246
335796,Anne-marie Verduin,averduin3r@amazon.co.jp,7075761262,67 East Center,324.28
317329,Adolphus Pleace,apleace3s@imdb.com,7733113664,5067 Lerdahl Alley,310.31
993837,Berny Hamner,bhamner3t@newyorker.com,8522400807,07934 Kropf Trail,291.56
837416,Beltran Schoffel,bschoffel3u@ucoz.ru,4784283475,6518 4th Hill,365.59
493350,Reinald Duncombe,rduncombe3v@deliciousdays.com,1149893679,9 Eastwood Circle,165.05
956710,Henka Boom,hboom3w@facebook.com,7262373872,2122 Grasskamp Park,158.28
952553,Lydia Winwood,lwinwood3x@marriott.com,5798752943,460 Roxbury Pass,429.21
321000,Edi Salterne,esalterne3y@com.com,6511304941,6818 Vahlen Court,380.49
700701,Catina Grassett,cgrassett3z@ca.gov,6246294359,6662 Springs Place,256.48
147882,Kristyn Wherton,kwherton40@pcworld.com,7388657326,4 Shasta Point,476.82
249578,Eudora De Lisle,ede41@ezinearticles.com,1504650371,0013 Grayhawk Alley,364.9
223206,Arabel Bunt,abunt42@whitehouse.gov,4246729127,1 Ronald Regan Park,367.32
714721,Buckie Holsall,bholsall43@vkontakte.ru,6531165187,9246 Dakota Road,191.79
511038,Millisent Golding,mgolding44@multiply.com,6981694545,92857 Elka Road,407.61
143193,Nicoli Piddington,npiddington45@canalblog.com,5673231062,21294 Sherman Terrace,461.95
648796,Allie Kindread,akindread46@oakley.com,4878390204,44 Maywood Junction,197.33
929996,Kristina McMenemy,kmcmenemy47@hibu.com,9048410857,4118 Del Mar Point,344.33
903558,Dahlia Montes,dmontes48@bbb.org,5594985067,078 Vahlen Place,437.34
279663,Harlin Gothup,hgothup49@google.com.hk,8452610317,7866 Glendale Drive,194.83
35307,Shell Scimonelli,sscimonelli4a@blog.com,3521044306,6 Badeau Trail,297.54
470135,Charissa Dacey,cdacey4b@hostgator.com,6526012120,535 Mcbride Avenue,198.58
815281,Kynthia Agron,kagron4c@blogger.com,1471969352,2 Mesta Plaza,472.27
693891,Sly Pyvis,spyvis4d@nps.gov,2292796118,104 Anniversary Drive,155.7
862289,Trista Peachman,tpeachman4e@free.fr,9751114023,304 Warner Way,150.53
904217,Gypsy Capaldi,gcapaldi4f@theguardian.com,5115036194,0 Rowland Way,468.21
548821,Tommy Dance,tdance4g@com.com,1289969702,6 Debra Circle,469.93
257684,Simonne Petrusch,spetrusch4h@jigsy.com,8054480074,5 Hallows Trail,234.67
782482,Charity Anfossi,canfossi4i@walmart.com,5402963928,6027 Kim Street,451.65
341530,Richard Newbold,rnewbold4j@nyu.edu,8305702105,0 Mandrake Way,362.17
132076,Ivar Wenger,iwenger4k@youtube.com,8362417773,79 Waywood Terrace,430.78
297411,Katlin Richarz,kricharz4l@photobucket.com,2305864067,0 Golf Crossing,155.7
444617,Cal Jezzard,cjezzard4m@mozilla.org,4912584405,82191 Ludington Crossing,496.41
955005,Thorsten Ledson,tledson4n@list-manage.com,5894261796,74924 Eastlawn Avenue,205.88
640975,Mari Wychard,mwychard4o@cdbaby.com,2586218968,03 Autumn Leaf Court,381.68
335393,Mathian Borthwick,mborthwick4p@cpanel.net,6102158322,2 Jackson Park,324.53
570224,Vick Reuss,vreuss4q@wikipedia.org,2423025666,4707 Arrowood Parkway,475.29
538078,Freddi Vowles,fvowles4r@freewebs.com,3082599648,2 Shoshone Court,219.14
942485,Clerkclaude Hurll,churll4s@disqus.com,8941832861,7 Dovetail Way,158.85
248126,Willette Mecco,wmecco4t@narod.ru,5174864470,2 Westerfield Circle,389.5
194038,Shayne Cromly,scromly4u@google.com.hk,7551408912,463 Northwestern Pass,462.92
427706,Melicent Hindenburg,mhindenburg4v@tmall.com,5738403455,65 Burning Wood Junction,473.38
918593,Dina Linch,dlinch4w@nih.gov,4664423880,773 Talmadge Lane,413.07
510451,Constantino Wicklen,cwicklen4x@amazon.co.uk,6751244871,4894 Nevada Point,155.2
902458,Steve Donohue,sdonohue4y@google.ca,3321795135,4 Lawn Lane,227.03
829084,Marcos Marqyes,mmarqyes4z@furl.net,7257455011,2180 5th Plaza,224.44
761598,Gareth Rhymer,grhymer50@time.com,6056674043,93271 Mandrake Trail,270.71
62981,Rowan Karpfen,rkarpfen51@wiley.com,2043716574,3 Commercial Pass,271.17
446541,Cathe Harlin,charlin52@ezinearticles.com,2255158595,2380 Haas Way,258.17
184442,Fania Laguerre,flaguerre53@admin.ch,5829949516,5831 Graedel Pass,242.14
594042,Helga Lehrian,hlehrian54@arstechnica.com,3279749631,1224 Gale Park,430.48
864413,Cob Gluyas,cgluyas55@about.me,8286882347,40984 Michigan Street,285.57
74990,Olive Addicott,oaddicott56@alexa.com,3227581591,18 Fisk Trail,184.21
205681,Roslyn De Mico,rde57@tripod.com,9579436750,00215 Menomonie Pass,324.91
963954,Rocky Colbron,rcolbron58@4shared.com,2894342633,6746 Monterey Drive,425.62
62713,Giustina Kember,gkember59@google.es,7293506753,2 Armistice Alley,394
148284,Natasha Tomaszczyk,ntomaszczyk5a@abc.net.au,2869667603,01061 Raven Road,247.19
688187,Vinny Hearne,vhearne5b@cmu.edu,6636666397,1896 Fulton Crossing,382.63
780074,Denice Sygrove,dsygrove5c@bloglines.com,5068573294,800 Golf Circle,491.37
785569,Faustina Bambery,fbambery5d@jigsy.com,5932455042,50099 Dorton Pass,220.15
441992,Levi Sallings,lsallings5e@cloudflare.com,2573698915,94977 Carberry Junction,163.74
371583,Kaila Roddam,kroddam5f@ucoz.com,4243745921,5 Golf View Drive,321.6
880856,Giorgia Dormand,gdormand5g@state.tx.us,2684854898,3 Graceland Hill,330.01
564732,Denyse Ragles,dragles5h@washingtonpost.com,9827539450,26 Continental Alley,469.34
105551,Kellsie Shuttle,kshuttle5i@goodreads.com,3548044537,5872 Rowland Road,436.96
742923,Lion Havesides,lhavesides5j@artisteer.com,7039854554,19 Vidon Drive,187.85
469582,Cheryl Steely,csteely5k@discovery.com,5443956120,315 Dayton Alley,204.28
504301,Brigham Sivior,bsivior5l@cyberchimps.com,7513827244,6 Raven Pass,322.27
620050,Grannie Chellam,gchellam5m@usatoday.com,1084935245,35 Lien Road,456.11
492081,Arlan Pregel,apregel5n@php.net,2516062270,39885 Shelley Park,162.37
475256,Armand Palumbo,apalumbo5o@storify.com,3272744533,73 Sutherland Terrace,485.12
620919,Bronson MacPaden,bmacpaden5p@sciencedirect.com,5715981935,17458 Ryan Junction,286.35
729337,Gerianna Colquhoun,gcolquhoun5q@ihg.com,1229715541,3098 Fairview Hill,338.02
71229,Guinevere Glandfield,gglandfield5r@google.ca,6734767631,5899 Summer Ridge Place,311.87
17943,Vally Calderonello,vcalderonello5s@google.ru,5409664204,75 Fieldstone Avenue,471.67
873111,Phillida Lorenzin,plorenzin5t@statcounter.com,5066420772,82 Dixon Parkway,453.8
904868,Lawry Hindshaw,lhindshaw5u@nps.gov,6729620699,787 Crescent Oaks Crossing,449.14
717704,Denys Garbutt,dgarbutt5v@bigcartel.com,3465653919,08425 Carpenter Junction,173.93
637101,Marcelia Howsan,mhowsan5w@independent.co.uk,1651172447,096 Sunnyside Road,238.13
921901,Barn Iveson,biveson5x@stanford.edu,3415167688,6410 Miller Place,163.01
544999,Georgeanne Hasslocher,ghasslocher5y@sfgate.com,5891763976,785 Cardinal Park,314.74
29879,Corrie Appleton,cappleton5z@slate.com,5656748598,1181 Sunfield Parkway,347.01
202966,Zola Adriaens,zadriaens60@patch.com,8353752723,76 Meadow Ridge Trail,174.74
606846,Karim Lyford,klyford61@opera.com,5123961647,881 8th Pass,350
50893,Kenyon Semor,ksemor62@toplist.cz,4047904285,16 Killdeer Alley,202.85
129530,Nikkie Gaenor,ngaenor63@harvard.edu,7994726799,4 Pierstorff Alley,289.11
148942,Guillemette Tarburn,gtarburn64@1und1.de,5894952281,04 Washington Drive,159.2
691956,Maryjane Oiseau,moiseau65@xinhuanet.com,3176080081,632 Welch Road,405.95
590140,Aguie Carrabot,acarrabot66@networksolutions.com,1362593267,695 Canary Lane,290.29
133596,Violetta Smallridge,vsmallridge67@dot.gov,7366200335,8350 Darwin Alley,218.56
284558,Lurlene Grigorescu,lgrigorescu68@smugmug.com,5606305245,82907 Anderson Parkway,425.83
398995,Thelma Syde,tsyde69@networksolutions.com,5567445109,08426 Sullivan Way,230.87
654798,Dale Kirkam,dkirkam6a@usda.gov,9199354175,62 Talmadge Drive,230.29
855923,Verney Brothwood,vbrothwood6b@indiatimes.com,2235150095,2 Michigan Park,271.7
371422,Hastings Barrim,hbarrim6c@wikia.com,5955588259,51232 Grasskamp Alley,430.13
696425,Abbot Mitchelhill,amitchelhill6d@quantcast.com,8713016980,9127 Crest Line Road,433.66
811130,Stella Boot,sboot6e@google.ru,8906823119,630 Pennsylvania Point,346.26
675078,Paola Tembey,ptembey6f@paginegialle.it,8638486739,1718 Heffernan Lane,282.59
263347,Gwenny Nockells,gnockells6g@time.com,5897371662,4807 Novick Plaza,210.62
390374,Kylie Jankovic,kjankovic6h@usnews.com,4002354357,7 Grover Street,277.46
894579,Hugibert Capelen,hcapelen6i@github.com,6758726829,3360 Forest Run Plaza,290.32
601498,Kelila Olivas,kolivas6j@army.mil,6972279520,001 Commercial Terrace,153.14
466864,Symon Antwis,santwis6k@squarespace.com,4207795070,845 Montana Park,324.3
455899,Lorilee Hardington,lhardington6l@delicious.com,3058252586,19 Kipling Avenue,484.79
265905,Emmie Kitcherside,ekitcherside6m@networkadvertising.org,6404231910,6 Blaine Plaza,316.9
205315,Tandie Lapre,tlapre6n@home.pl,1408500743,74354 Fremont Hill,241.74
671826,Saraann Klesel,sklesel6o@theguardian.com,1684229704,6 Sullivan Lane,261.26
344331,Astra Magog,amagog6p@paginegialle.it,9891744497,8 Susan Pass,219.86
952421,Rosalyn Carabine,rcarabine6q@hc360.com,8685145983,0 Spenser Crossing,190.45
190363,Emile Janicijevic,ejanicijevic6r@usa.gov,7459131262,749 Knutson Center,422.13
804580,Erika Francesch,efrancesch6s@nsw.gov.au,3501016807,81 Prairieview Point,479.41
307812,Alix Woolen,awoolen6t@nyu.edu,2731419439,50146 Hintze Plaza,251.82
206049,Corrine Ivanyutin,civanyutin6u@un.org,7871487964,674 Fisk Hill,456.61
176116,Oliver Anthiftle,oanthiftle6v@people.com.cn,3058382125,1934 Buell Hill,422.87
487197,Scotty Featherstone,sfeatherstone6w@princeton.edu,9112564982,78 Arkansas Avenue,434.64
866244,Jacki Quinion,jquinion6x@va.gov,1002955053,25477 Doe Crossing Crossing,407.14
796105,Leslie Aleixo,laleixo6y@harvard.edu,8553284130,164 Walton Way,183.49
959251,Carissa Kline,ckline6z@trellian.com,4247104071,7 Amoth Park,217.22
289374,Netta Ormshaw,normshaw70@army.mil,3279595994,45 New Castle Pass,408.9
629668,Fenelia Fairfull,ffairfull71@myspace.com,3008356623,031 Buell Pass,303.59
168549,Tobe Gimert,tgimert72@noaa.gov,8224175657,168 Gale Road,437.89
685039,Pavel MacMeekan,pmacmeekan73@joomla.org,7137521771,447 Loftsgordon Circle,425.77
642174,Kevina Jennaway,kjennaway74@privacy.gov.au,8555646213,15152 Mosinee Street,312.13
982260,Dominic Smart,dsmart75@google.pl,7718039376,2 Johnson Junction,398.4
449525,Dew Newby,dnewby76@google.nl,5972471751,4326 Hazelcrest Avenue,164.25
394342,Phillis Verrier,pverrier77@skyrock.com,5128548313,17151 Oriole Alley,203.21
687850,Kimmy Gustus,kgustus78@t.co,3194754729,47379 Lindbergh Pass,491.91
900314,Imelda Louthe,ilouthe79@quantcast.com,6581731977,10160 Waubesa Drive,429.04
665965,Hedvige Apple,happle7a@symantec.com,3685087812,29 Oriole Pass,330
718603,Gabrila Dell Casa,gdell7b@gravatar.com,1326953847,0 Claremont Place,398.58
445553,Ricki Greeveson,rgreeveson7c@ca.gov,9158558039,18420 Stone Corner Avenue,299.7
771019,Camille Daintith,cdaintith7d@devhub.com,7714088320,53 Karstens Court,268.09
945542,Lexis Bowick,lbowick7e@cbslocal.com,8731121173,21 Carberry Hill,312.59
982998,Alix Coggen,acoggen7f@last.fm,4509872719,40930 Forest Dale Circle,339.55
453988,Alvie De Lasci,ade7g@nytimes.com,1297677148,1940 Ryan Park,213.71
967217,Woodrow Spendlove,wspendlove7h@amazon.com,7972525840,62 Cascade Center,325.68
541586,Dell Fripps,dfripps7i@elpais.com,6251591951,67672 Mcbride Center,358.99
292617,Archaimbaud Kose,akose7j@1und1.de,3199444580,57764 Fulton Street,168.25
226550,Rabi Phizakarley,rphizakarley7k@patch.com,9458439019,3 Hansons Park,362.84
248916,Neila Sember,nsember7l@google.cn,9202546256,1 Ludington Court,393.98
221149,Chauncey Kelleway,ckelleway7m@washington.edu,2596768336,69 Dryden Lane,180.07
184468,Theresina Sicha,tsicha7n@yandex.ru,3278011043,0905 Sage Park,257.88
979316,Tamqrah Argent,targent7o@biblegateway.com,4668811558,8868 David Drive,423.58
47004,May Headan,mheadan7p@google.com.au,8202509678,13919 Dayton Point,353.4
576066,Chrysa Gitsham,cgitsham7q@theguardian.com,7069151887,35202 Sheridan Park,185.67
929113,Coletta Lowell,clowell7r@wisc.edu,7422994304,91356 6th Lane,490.38
831648,Lotty Verrico,lverrico7s@macromedia.com,6031823042,7669 Blaine Place,448.68
990770,Midge Kasman,mkasman7t@ted.com,9112415753,844 Prairie Rose Avenue,223.08
157224,Fania Ervin,fervin7u@posterous.com,9249449095,2660 Corry Street,358.78
86601,Claybourne Turney,cturney7v@drupal.org,6319246281,60878 Maple Circle,186.34
120830,Jozef O'Shavlan,joshavlan7w@domainmarket.com,1911120247,0 Stoughton Center,332.04
443049,Emory Bulger,ebulger7x@gizmodo.com,9524707407,56 Leroy Trail,428.31
758440,Avigdor Filipovic,afilipovic7y@homestead.com,4493791702,8 Ridge Oak Hill,211.01
252602,Kerwinn Beilby,kbeilby7z@miibeian.gov.cn,1127511432,3561 Meadow Vale Circle,317.49
281361,Fenelia Benedetti,fbenedetti80@de.vu,4738642403,67 Vahlen Lane,392.57
431926,Rene Lindeboom,rlindeboom81@networksolutions.com,2482207593,22311 David Plaza,444.11
914838,Phil Spencley,pspencley82@rediff.com,7548986027,9506 Summit Place,230.85
504450,Johann Manifold,jmanifold83@4shared.com,6825962742,35 Grasskamp Crossing,373.4
728487,Julian Glentz,jglentz84@freewebs.com,1729600653,21706 Barby Road,492.01
450744,Nathalia Silverson,nsilverson85@qq.com,3477109395,90261 Summer Ridge Crossing,335.13
588835,Trueman Ollie,tollie86@chron.com,2605560252,7 Corry Park,390.91
711606,Larry Efford,lefford87@patch.com,9124201089,80 Sycamore Alley,492.56
810904,Steward Diffley,sdiffley88@mit.edu,9295191203,75 Mariners Cove Center,346.38
273377,Ferrell Povey,fpovey89@pagesperso-orange.fr,6488795196,20 Westend Way,467.84
508334,Jemima Silkston,jsilkston8a@seesaa.net,1169990880,9 Myrtle Place,213.81
231960,Delaney Bolliver,dbolliver8b@sciencedaily.com,6632814384,79 Marquette Alley,467.1
456353,Hamish Allden,hallden8c@slate.com,6687448898,367 Hazelcrest Circle,363.53
532574,Georgeanne Olensby,golensby8d@delicious.com,2584771686,2829 Gateway Center,489.65
717575,Wake Bricksey,wbricksey8e@un.org,1483517298,368 Warrior Hill,269.33
225587,Emiline Mabbott,emabbott8f@dagondesign.com,8722950491,023 Hoffman Pass,410.97
264747,Lyle Leif,lleif8g@webs.com,9139624141,9271 Troy Place,436.96
409949,Debby Scheu,dscheu8h@cornell.edu,2603413564,70788 Thackeray Street,265.84
377453,Cacilia Siemianowicz,csiemianowicz8i@mysql.com,2626046905,143 Sunnyside Way,254.13
938605,Tandi Souza,tsouza8j@google.ru,1063021083,0349 Derek Hill,411.06
399375,Maurita Akett,makett8k@springer.com,2418596251,4052 Center Junction,181.98
565532,Anastasia Portchmouth,aportchmouth8l@yelp.com,4029883007,64 Larry Pass,397.62
889561,Gawain Ruckert,gruckert8m@tumblr.com,8513123604,514 Mendota Place,378.25
680402,Aidan De Maria,ade8n@msu.edu,7367344052,1678 Mccormick Alley,467.41
262572,Thain Denge,tdenge8o@storify.com,4132189532,98 Hintze Road,493.33
92331,Nonnah Enrigo,nenrigo8p@nsw.gov.au,3432853324,145 Summit Crossing,151.27
476510,Averell Symes,asymes8q@foxnews.com,3637739657,1 Ilene Park,297.45
189200,Arnaldo Haith,ahaith8r@livejournal.com,5297819028,58 Sunnyside Drive,497.69
727624,Orson McMorran,omcmorran8s@list-manage.com,3785934139,6 Pankratz Point,327.85
455424,Camellia Sussex,csussex8t@tamu.edu,2626316490,13690 Truax Junction,335.36
96320,Smith Smullen,ssmullen8u@smh.com.au,6512708175,0423 Maryland Terrace,163.19
254257,Stanton Jewkes,sjewkes8v@cyberchimps.com,6063495504,471 Del Mar Plaza,423.46
622913,Marris Sprey,msprey8w@wisc.edu,9028067305,1 Hovde Park,480.1
42249,Kayle Bennoe,kbennoe8x@usgs.gov,2002018818,51 Golden Leaf Center,171.65
35916,Sileas Fradson,sfradson8y@homestead.com,4663339047,96780 Russell Junction,217.87
395683,Beniamino Spink,bspink8z@netlog.com,5549183489,0486 Lakeland Point,227.51
578760,Nikolas Hamon,nhamon90@dell.com,7436947115,9661 Petterle Point,498.99
684073,Jean Heino,jheino91@omniture.com,8859743837,4 Green Junction,329.59
713616,Simonne Lortzing,slortzing92@nps.gov,5134129229,73513 Ridge Oak Center,402.11
933044,Matthaeus Gilvary,mgilvary93@mapy.cz,6621454304,6 Macpherson Road,364.76
267169,Annissa Walenta,awalenta94@noaa.gov,9449504828,004 Lien Road,263.97
694501,Yance Lauritsen,ylauritsen95@gnu.org,9447974942,2858 Kenwood Avenue,181.36
20856,Janessa Prine,jprine96@homestead.com,1858090234,13 Delladonna Circle,402.98
79961,Hinda Taree,htaree97@auda.org.au,6017863844,68945 Oneill Point,333.96
261030,Lacie Mitham,lmitham98@businessinsider.com,8556938268,2479 Kingsford Court,164.59
404654,Shaun Tampen,stampen99@oakley.com,4221342270,14 Duke Circle,430.7
183301,Cynthie Summerson,csummerson9a@is.gd,3104131412,596 Grasskamp Terrace,266.15
554021,Maureene Signoret,msignoret9b@sciencedirect.com,6919588779,7023 Colorado Avenue,332.71
348696,Peter Spong,pspong9c@4shared.com,8033918377,9 Thackeray Drive,253.71
726161,Samantha Beardwood,sbeardwood9d@uol.com.br,1036243327,41 Goodland Street,184.09
746389,Olivie Richmont,orichmont9e@chicagotribune.com,6862958189,3 Vermont Circle,456.45
951262,Bailie Grimble,bgrimble9f@ucoz.com,5334077116,5316 Bobwhite Drive,455.21
105607,Tarra Duffitt,tduffitt9g@wikimedia.org,4094498473,8845 Browning Court,467.52
48021,Haroun Bramo,hbramo9h@uol.com.br,6958077177,6755 Bowman Lane,292.73
740421,Faulkner Risso,frisso9i@sitemeter.com,4325357724,7 Aberg Way,182.92
168542,Ollie Farland,ofarland9j@nbcnews.com,6575878700,21 Anhalt Trail,275.24
180918,Dallon Dupey,ddupey9k@goodreads.com,5359772245,5866 Waxwing Trail,404.16
285123,Georgina Renzini,grenzini9l@slate.com,6224750207,970 Truax Lane,428.71
476592,Colene Clutten,cclutten9m@hubpages.com,6917344720,9040 Northfield Drive,234.8
437006,Basia Veel,bveel9n@accuweather.com,7041800776,11158 Westport Point,233.89
20792,Pavel Winspear,pwinspear9o@addtoany.com,3229945049,51333 Loeprich Crossing,377.56
125306,Cristabel Stollmeyer,cstollmeyer9p@facebook.com,6185088044,298 Mesta Junction,254.78
750244,Saraann Gatchell,sgatchell9q@youtu.be,1731545813,26 Northwestern Alley,355.1
44012,Jasun Pickavant,jpickavant9r@prweb.com,4355218177,5264 Bunker Hill Place,363.07
297717,Stephana MacNeish,smacneish9s@domainmarket.com,7205759531,545 Spaight Pass,398.87
46873,Mata Thirsk,mthirsk9t@unc.edu,4917097045,30 Rigney Drive,319.4
601747,Clive Howkins,chowkins9u@hibu.com,5713402291,020 Golf Course Park,329.03
824916,Bonita Trevino,btrevino9v@discovery.com,9397952938,69 Bobwhite Court,244.05
122990,Tallie McGraffin,tmcgraffin9w@hp.com,3506769034,0 Laurel Park,206.19
397131,Lorena McIlriach,lmcilriach9x@twitter.com,9763956507,44 1st Parkway,192.28
562112,Valentina Steabler,vsteabler9y@ebay.com,3046918477,5 Porter Plaza,217.06
284710,Dorothy Petherick,dpetherick9z@nationalgeographic.com,2037011407,5 Knutson Road,364.74
878466,Wald Greaser,wgreasera0@vimeo.com,4042065445,93797 Petterle Court,313.09
353216,Quintana Hrinishin,qhrinishina1@amazon.de,3523956267,6654 Butterfield Lane,187.84
561969,Cull Munnery,cmunnerya2@theguardian.com,1681835124,9 Hoard Parkway,334.07
962848,Merola Nunn,mnunna3@smh.com.au,8321343263,397 Harper Lane,218.93
602917,Thelma Ales,talesa4@apache.org,2639247935,4336 Burning Wood Parkway,435.04
806299,Tynan Clinning,tclinninga5@delicious.com,2555067978,3 Muir Court,445.95
387912,Sinclair Scougall,sscougalla6@mozilla.org,6519828894,3896 Sachs Crossing,286.57
761307,Rorke Malyj,rmalyja7@over-blog.com,5251710697,51763 High Crossing Parkway,165.48
238713,Thurston McLinden,tmclindena8@eventbrite.com,2343741436,45 Cody Way,311.12
300627,Niven Mc Combe,nmca9@amazon.co.uk,4115583255,6 Randy Court,196.31
378075,Perren Fetherston,pfetherstonaa@bloglovin.com,4588471396,91494 Anzinger Lane,260.14
174852,Anette Measham,ameashamab@lulu.com,9828878459,41 Birchwood Junction,424.86
206907,Joni Davio,jdavioac@booking.com,1921806871,6360 Arizona Lane,296.81
496297,Renault Maynell,rmaynellad@dedecms.com,4917586309,2 Johnson Junction,215.58
482068,Emlynn Baudone,ebaudoneae@upenn.edu,5339633826,39555 Nevada Circle,419.15
190444,Lexine Earley,learleyaf@harvard.edu,3393562756,3195 Pleasure Junction,287.09
968334,Kelsi Burnitt,kburnittag@wired.com,6885759665,988 Birchwood Plaza,177.39
516529,Norina Costigan,ncostiganah@163.com,3955685504,0 Meadow Vale Court,221.29
236855,Jamison Fain,jfainai@ca.gov,1566018750,690 Cordelia Parkway,331.55
768972,Othelia Hymor,ohymoraj@indiatimes.com,4018409194,260 Swallow Way,195.07
973611,Anne Dyzart,adyzartak@theatlantic.com,7185267857,13 Butternut Point,185.43
249085,Rogerio Ebi,rebial@google.ca,3737865999,6294 Anthes Drive,479.15
691494,Lena Freund,lfreundam@phoca.cz,3136047077,9283 Crescent Oaks Center,256.96
778782,Liam Soldner,lsoldneran@ebay.com,5077213890,309 Parkside Plaza,292.24
30954,Delly Devine,ddevineao@drupal.org,8185103583,955 Shopko Road,265.08
41684,Coleen Norrey,cnorreyap@japanpost.jp,4843741284,08 Ryan Plaza,173.8
839143,Shem Le Gassick,sleaq@dailymotion.com,8545770199,04000 Derek Pass,497.24
396998,Adelind Simo,asimoar@mlb.com,9441571628,6 Elka Circle,419.92
457065,Angelique Antat,aantatas@yale.edu,6613769037,54 Corben Drive,314.54
421973,Leona Teare,lteareat@constantcontact.com,7541696539,599 Londonderry Pass,476.61
378660,Myrah Buzzing,mbuzzingau@ovh.net,9887354374,26 Arizona Crossing,488.21
595905,Ivy Meininger,imeiningerav@live.com,9157842395,4039 Haas Parkway,473.96
261171,Bertine Simnel,bsimnelaw@rakuten.co.jp,2425412532,9387 Fisk Terrace,292.27
970038,Celka Kebell,ckebellax@epa.gov,9229671898,410 Coolidge Street,422.97
585889,Sutton Kubelka,skubelkaay@yahoo.co.jp,1985086605,95 Manufacturers Road,416.44
692788,Jeramie Chazelas,jchazelasaz@4shared.com,7955440171,83 Hintze Drive,449.82
718203,Sari Ogbourne,sogbourneb0@tripadvisor.com,4573381564,30762 Mccormick Alley,426.35
615153,Jobi Picot,jpicotb1@sogou.com,2324767383,682 Sugar Park,467.3
289896,Darlene Milksop,dmilksopb2@opensource.org,8212773953,24971 Kedzie Court,340.18
872244,Bobina Guppie,bguppieb3@shinystat.com,7579860821,557 Lunder Parkway,186
20755,Doralia Pumphreys,dpumphreysb4@indiegogo.com,4863716243,38226 Ludington Hill,346.28
970124,Paulie Boorer,pboorerb5@businessweek.com,2224208654,19858 3rd Junction,152.81
772758,Annecorinne Maggorini,amaggorinib6@liveinternet.ru,3218102023,3 Graceland Park,473.78
842002,Barret Spivey,bspiveyb7@etsy.com,3504395903,2717 Vernon Junction,442.58
94219,Hilly Gofforth,hgofforthb8@storify.com,2317918413,83 Kennedy Park,423.72
689027,Annalise Mardoll,amardollb9@hubpages.com,1872429193,74659 Hazelcrest Junction,302.42
726379,Katha Evangelinos,kevangelinosba@dion.ne.jp,6829495253,33801 Welch Road,317.5
689588,Aundrea Mounsey,amounseybb@slate.com,6151580560,8 Acker Trail,305.96
949388,Ivy Jerdein,ijerdeinbc@angelfire.com,7791397668,7 Fulton Court,393.14
968420,Fianna Rosson,frossonbd@admin.ch,1404688384,052 Darwin Court,355.64
581939,Wyn Belz,wbelzbe@webeden.co.uk,3122579811,9 Texas Crossing,310
798159,Domini Testin,dtestinbf@webeden.co.uk,2494979924,0 Moose Drive,265.74
909765,Gunilla Lowery,glowerybg@pbs.org,3355209787,74446 Autumn Leaf Pass,324.24
994776,Merlina Carless,mcarlessbh@de.vu,1902549086,42967 Iowa Trail,444.64
989708,Abel Dorrance,adorrancebi@ustream.tv,2786447602,8760 Corben Trail,403.66
205207,Heidi Tixall,htixallbj@stumbleupon.com,7036714970,2075 Stone Corner Center,159.06
416752,Candie Stammer,cstammerbk@hao123.com,4308393000,2243 Waxwing Pass,175.88
253205,Dot Tollmache,dtollmachebl@reuters.com,3196143186,56 Clove Crossing,437.38
695344,Charla Kettlestring,ckettlestringbm@ehow.com,2277091485,9 4th Pass,461.02
177468,Gard Edridge,gedridgebn@sitemeter.com,8554793281,9 Westridge Trail,284.98
534974,Napoleon Tirrey,ntirreybo@harvard.edu,2986109189,97 Troy Drive,270.32
961635,Eolande Boughtflower,eboughtflowerbp@house.gov,3653102431,90 North Court,401.43
683379,Veriee Tirrey,vtirreybq@apache.org,3121356569,64 Granby Crossing,492.05
411545,Humfried Malloy,hmalloybr@blogger.com,2158731136,9738 Carpenter Alley,344.15
260070,Laurel Eckert,leckertbs@imdb.com,8992739808,05504 Raven Drive,403.05
294468,L;urette Quennell,lquennellbt@csmonitor.com,9442632308,4904 Center Pass,401.54
801008,Colleen Fallon,cfallonbu@nhs.uk,5267018870,8 Stoughton Crossing,413.86
677461,Carolyn Beneteau,cbeneteaubv@reference.com,2894990058,24 Ridgeway Terrace,405.31
489656,Nevil Mainz,nmainzbw@goodreads.com,9045134287,0245 Union Trail,410.24
460747,Estelle Bownes,ebownesbx@domainmarket.com,7718174641,3817 Swallow Center,267.48
599246,Virge Croose,vcrooseby@jalbum.net,3977047779,2 Ronald Regan Way,366.57
457364,Ambrosi Pavek,apavekbz@mail.ru,4076564643,96 Westport Circle,365.6
753498,Zachery Hammerich,zhammerichc0@yahoo.co.jp,6575757691,368 Delaware Lane,496.3
989620,Amberly Pullan,apullanc1@china.com.cn,1777056824,502 Gateway Crossing,243.29
497767,Willabella Male,wmalec2@loc.gov,5138768710,10580 7th Lane,317.06
93670,Max Le Leu,mlec3@arizona.edu,5332358608,041 Vidon Parkway,364.69
751595,Marigold Gawke,mgawkec4@zimbio.com,5687323416,30500 Utah Trail,188.34
290760,Danny Sudell,dsudellc5@live.com,7399243966,153 Kim Crossing,436
258532,Eugene Etienne,eetiennec6@topsy.com,4213555184,52 Westport Place,449.73
547228,Ula Ferney,uferneyc7@wikipedia.org,6807411315,62 La Follette Center,429.19
182639,Fan Mitchall,fmitchallc8@tinypic.com,4616183509,77034 Hoard Junction,427.94
523965,Rock Zanicchelli,rzanicchellic9@flickr.com,9047214101,3133 Memorial Alley,220.89
364112,Corbie Mendus,cmendusca@alexa.com,3953912442,0 Monterey Point,253.55
574495,Lemar Delnevo,ldelnevocb@joomla.org,7603738912,4 Packers Road,355.63
132813,Seline Cleever,scleevercc@dropbox.com,6769702477,05 Trailsway Court,284.48
788358,Delcina Gridon,dgridoncd@ucla.edu,4241999797,5 Springview Place,406.5
286285,Kirby Lohoar,klohoarce@alexa.com,2804689524,57 Dwight Trail,460.52
672511,Carla Cleveley,ccleveleycf@macromedia.com,3771643543,127 Sauthoff Trail,307.67
146685,Germaine Rihosek,grihosekcg@japanpost.jp,9667209343,85 Almo Road,480.66
159196,Alexandros Hebblethwaite,ahebblethwaitech@dyndns.org,1862546694,513 Novick Pass,186.18
584665,Griffith Durtnell,gdurtnellci@vistaprint.com,2235633048,9 Huxley Lane,436.32
93310,Yorker Colin,ycolincj@epa.gov,3712052766,38070 Little Fleur Crossing,348.45
387752,Boigie St Ledger,bstck@examiner.com,7868029093,8 Waubesa Court,230.48
211894,Hewett Bwye,hbwyecl@alibaba.com,2481997238,42 Valley Edge Drive,384.09
936257,Pier Wych,pwychcm@seesaa.net,1111000895,2678 Quincy Plaza,201.87
206958,Filmore Barnaclough,fbarnacloughcn@stumbleupon.com,7791500458,76751 Parkside Place,367.12
152290,Devi McClosh,dmccloshco@ted.com,7069466780,250 Ridge Oak Crossing,360.62
78822,Shirline Tibb,stibbcp@w3.org,5625051442,130 Onsgard Center,321.31
984543,Stevana Beade,sbeadecq@scribd.com,6193165753,223 Blue Bill Park Junction,168.96
258377,Adeline Welsh,awelshcr@elegantthemes.com,9379374401,998 Nelson Drive,274.27
863423,Fancie Handes,fhandescs@about.me,5266610478,18553 Hanson Drive,176.22
829757,Alexander Pamment,apammentct@mlb.com,5493709617,356 Graceland Trail,321.18
341631,Merl Edmonds,medmondscu@forbes.com,4726114463,6 2nd Hill,282
498950,Vladamir Bouldstridge,vbouldstridgecv@facebook.com,3134800195,1516 Randy Avenue,380.62
650378,Erhard Lyford,elyfordcw@hud.gov,2168656491,676 Browning Road,199.38
914566,Cristina Priestner,cpriestnercx@foxnews.com,7409081435,70 Waywood Road,214.67
19010,Mellie Seery,mseerycy@mozilla.org,3592016061,43 Derek Circle,154.29
74902,Karalee Domenici,kdomenicicz@pbs.org,2814556222,60 Delaware Alley,311.05
615068,Emanuel Colliar,ecolliard0@hubpages.com,1366022799,47 Drewry Lane,328.96
104601,Teodora Picton,tpictond2@umn.edu,7608761287,51950 Wayridge Street,246.51
986459,Liesa Newlands,lnewlandsd3@cpanel.net,4791509010,72 Trailsway Circle,266.6
97958,Gabrila Gilvary,ggilvaryd4@youku.com,6586131909,758 Gale Street,415.77
72983,Nomi Kleinfeld,nkleinfeldd5@cafepress.com,9239160812,524 Bluestem Street,441.15
282180,Tomas Sherland,tsherlandd6@cbsnews.com,8676838210,76 Fairfield Pass,481.86
843072,Rockey McPhillips,rmcphillipsd7@facebook.com,8448291398,603 Pierstorff Hill,449.01
685424,Hurley Delacourt,hdelacourtd8@fda.gov,8045280409,0 Lerdahl Junction,353.92
824253,Lucinda Maha,lmahad9@bloomberg.com,5073122007,739 Logan Lane,497.11
932863,Rebeca Gilstin,rgilstinda@webs.com,8755063740,62 Packers Court,215.33
81499,Silvano Tomaini,stomainidb@engadget.com,7893753877,30 Lerdahl Road,232.28
341829,Josee Wetherill,jwetherilldc@soundcloud.com,2023914306,137 Ilene Lane,228.64
921406,Meagan Wrates,mwratesdd@senate.gov,3461037745,51 Alpine Street,392.92
739932,Cecil Farrants,cfarrantsde@washington.edu,5804842232,13971 Havey Court,365.07
385350,Eleonora Attwooll,eattwoolldf@networkadvertising.org,3674297158,16154 Havey Plaza,232.88
738264,Colan Rugiero,crugierodg@woothemes.com,1313692386,7956 Ronald Regan Lane,410.24
414270,Germana Elan,gelandh@buzzfeed.com,6254749916,9784 Coolidge Trail,252.27
444693,Kerrie Artin,kartindi@wiley.com,1837526797,985 Debra Pass,156
915988,Reagan Krabbe,rkrabbedj@dedecms.com,6234823487,01032 Judy Way,422.13
661319,Cassandre Gurge,cgurgedk@exblog.jp,6721613123,697 David Point,347.83
300744,Renault Deerr,rdeerrdl@gmpg.org,5288350188,512 Nobel Drive,333.37
314381,Stephen Laurenceau,slaurenceaudm@exblog.jp,3043010471,1524 Troy Alley,480.16
696952,Ernie Kline,eklinedn@studiopress.com,9218676103,9 Katie Way,280.67
284570,Caspar Fratczak,cfratczakdo@wufoo.com,3655995624,7 Hovde Lane,407.31
638969,Etienne Crosbie,ecrosbiedp@scribd.com,7819129218,69 Manley Circle,417.65
608787,Stanly Bleackly,sbleacklydq@ed.gov,2213351125,6 3rd Lane,326.6
444031,Kaylyn McKew,kmckewdr@bluehost.com,5019166349,555 Blaine Place,475.98
353265,Juline Shoreman,jshoremands@miibeian.gov.cn,5886187750,963 Stoughton Trail,193.31
170154,Iago Corrison,icorrisondt@tamu.edu,4819250592,2709 Blackbird Pass,242.46
606642,Jeanne Putman,jputmandu@jugem.jp,1519085122,32340 Garrison Plaza,392.7
569966,Abel Laven,alavendv@gravatar.com,1425549273,90204 Dahle Junction,203.52
34852,Dicky Rahl,drahldw@census.gov,8589638496,4 1st Plaza,334.68
339140,Sephira Stadding,sstaddingdx@seesaa.net,8028697266,3 Thackeray Hill,441.5
702359,Ula Zelley,uzelleydy@rambler.ru,9561041293,79 Drewry Point,453.19
874858,Lindsy Ruckledge,lruckledgedz@furl.net,7591327527,5816 Duke Road,356.84
561205,Maurice Salters,msalterse0@posterous.com,4563152609,99 Forest Dale Junction,405.88
472693,Garwin Otto,gottoe1@archive.org,3254335738,48772 Sunfield Drive,457.82
506897,Ginger Stoop,gstoope2@mac.com,2023609896,28 Shoshone Parkway,307.57
552327,Naoma Towler,ntowlere3@livejournal.com,2232454151,067 Doe Crossing Crossing,324.31
336702,Ed Kittoe,ekittoee4@storify.com,2317264430,50 Gerald Circle,417.26
388274,Heloise Leverage,hleveragee5@buzzfeed.com,2833013696,362 Cardinal Trail,249.71
672554,Bird Spradbrow,bspradbrowe6@squidoo.com,7034318356,38637 Vera Hill,200.66
656988,Prissie Frudd,pfrudde7@youtu.be,6396789436,78 Sauthoff Circle,359.55
806765,Britney Bussy,bbussye8@lulu.com,9939933966,384 Nobel Plaza,432.33
46033,Phineas Beetham,pbeethame9@slideshare.net,2529695530,47 Shasta Point,186.22
193424,Ira McTerrelly,imcterrellyea@google.fr,5933126436,36 Cordelia Junction,375.36
836319,Grata Maslen,gmasleneb@vk.com,8927800255,7 Oxford Alley,363.01
803420,Rosamund Giacovelli,rgiacovelliec@360.cn,9201618431,58635 Drewry Hill,344.68
365173,Hendrik Pendock,hpendocked@wsj.com,1675461141,58 Talmadge Lane,262.14
796824,Zechariah Riches,zrichesee@slideshare.net,9013094269,5 Cody Alley,324.02
445928,Isabel Decourt,idecourtef@aboutads.info,9142934450,28652 Dwight Circle,362.06
715757,Lucho Tweede,ltweedeeg@columbia.edu,4787098392,52 Golf Place,350.71
779266,Grenville Antonin,gantonineh@springer.com,1741430751,4 Center Center,163.32
848737,Claudetta Gauthorpp,cgauthorppei@google.es,6569123585,509 Hovde Alley,246.97
758047,Berti Shephard,bshephardej@howstuffworks.com,1859193829,38875 Hanson Plaza,475.23
220066,Nadya Glave,nglaveek@shareasale.com,8218564032,44 Sheridan Drive,154.08
233904,Evvy Bruneau,ebruneauel@diigo.com,6926906345,54480 Mcbride Place,203.3
505274,Sergent Egdell,segdellem@si.edu,5268434778,1845 Hovde Point,178.97
611459,Shannen Saggs,ssaggsen@jalbum.net,6065523013,47872 Hoard Pass,339.33
527827,Lotty Smedmoor,lsmedmooreo@over-blog.com,9192350423,70 Rowland Circle,352.68
91968,Neilla Willans,nwillansep@wikipedia.org,8138035992,8551 Pankratz Plaza,310.56
826113,Tarra Paffot,tpaffoteq@wikia.com,3046564260,395 Forest Run Road,457.12
837743,Merrick Patinkin,mpatinkiner@technorati.com,2418086237,9 Weeping Birch Drive,293.31
273357,Merilyn Pedgrift,mpedgriftes@huffingtonpost.com,7041720696,249 Utah Center,254.72
661881,Ellsworth Pattinson,epattinsonet@bizjournals.com,3755647890,62463 Mifflin Court,298.38
197064,Kati Wadly,kwadlyeu@who.int,2126136784,85 Londonderry Alley,403.85
981742,Misty Normant,mnormantev@chicagotribune.com,9424308702,6 Bluestem Center,257.31
345424,Ddene Sowood,dsowoodew@home.pl,5601689324,73 Straubel Terrace,154.3
479793,Raquela Seavers,rseaversex@github.io,9189352429,5770 Arizona Center,279.43
900602,Alley Van Leijs,avaney@php.net,1166291375,6761 Commercial Junction,260.15
406777,Goran Pirozzi,gpirozziez@spiegel.de,3978408993,4 Moose Plaza,480.98
823629,Luciano Hopewell,lhopewellf0@1688.com,9393796579,13111 Hauk Junction,273.82
703738,Ravi Abelwhite,rabelwhitef1@ifeng.com,6834792095,18012 Merrick Street,328.57
927925,Lorie Maliffe,lmaliffef2@berkeley.edu,7425876790,6 Donald Plaza,371.86
419174,Eberhard Paolino,epaolinof3@networksolutions.com,5924445587,96 Dexter Crossing,242.97
999844,Jayme Molan,jmolanf4@java.com,9028915793,012 Melrose Parkway,242.99
887842,Happy Dalgardno,hdalgardnof5@blogs.com,2249461152,292 Vahlen Drive,215.84
111455,Adair Trathen,atrathenf6@timesonline.co.uk,4331265386,49 Scoville Avenue,366.13
22691,Bianca Henstridge,bhenstridgef7@theguardian.com,1494014872,9 5th Hill,432.29
844125,Boonie Enns,bennsf8@freewebs.com,8738428166,4280 Cottonwood Trail,207.73
692495,Neils Tesmond,ntesmondf9@ycombinator.com,4237487087,72 7th Place,381.56
623750,Rosaline Domegan,rdomeganfa@epa.gov,8691044169,80 Anthes Hill,453.05
871294,Neal Keeffe,nkeeffefb@reuters.com,6199915585,5520 Springview Crossing,157.38
145647,Anderea Darton,adartonfc@gnu.org,6083025521,3552 Heffernan Parkway,474.15
362914,Hester Tuny,htunyfd@indiatimes.com,1348206786,499 Rieder Terrace,209.49
406406,Palm Bariball,pbariballfe@uol.com.br,8641657022,756 Roth Circle,287.64
896087,Paxton Patley,ppatleyff@qq.com,7369863370,2 Calypso Park,220.42
587327,Margarita Ubsdall,mubsdallfg@cloudflare.com,8437934859,31756 Raven Drive,404.33
431910,Raquel Berthelet,rbertheletfh@auda.org.au,9771156131,298 Esch Lane,344.99
728011,Fleming Whiteland,fwhitelandfi@issuu.com,2713390439,6361 Mandrake Junction,430.87
354542,Jorrie Le Blond,jlefj@reverbnation.com,5279663335,59978 Sommers Crossing,385.36
745457,Dorise Kaindl,dkaindlfk@unesco.org,7542457249,67541 Twin Pines Pass,439.25
300442,Elliott Olsson,eolssonfl@issuu.com,6693688600,37475 Eagle Crest Parkway,336.21
491555,Man Manz,mmanzfm@nsw.gov.au,6843358092,0 7th Lane,318.94
131235,Amelia Symes,asymesfn@foxnews.com,1966326405,99045 Muir Crossing,364.5
154531,Brigitta Grishinov,bgrishinovfo@sitemeter.com,8968878328,91 Carioca Parkway,235.11
295719,Shandie Belford,sbelfordfp@youtube.com,9271219045,85 Sutherland Alley,495.02
764011,Ellerey Stothart,estothartfq@msn.com,4968877114,9 Loftsgordon Way,327.71
856686,Roi Wimpey,rwimpeyfr@fda.gov,8168037157,1 Eastlawn Street,267.92
435327,Amabel Meriet,amerietfs@adobe.com,6964648386,96480 Florence Plaza,389.16
896572,Cart Hollebon,chollebonft@w3.org,8447766634,50 Boyd Circle,199.46
101189,Kiri Sainz,ksainzfu@shop-pro.jp,3807094614,78617 Sachs Avenue,223.56
472285,Tilly Alyukin,talyukinfv@gravatar.com,5662333855,5248 Manitowish Way,207.57
983622,Harley Adnet,hadnetfw@wufoo.com,1218956540,96691 Homewood Street,184.7
755110,Dougy Godden,dgoddenfx@apple.com,9021891260,4 Coolidge Drive,388.77
621974,Arline Dulieu,adulieufy@privacy.gov.au,4665810413,74422 Monument Place,431.36
158742,Arty Garraway,agarrawayfz@newsvine.com,6229547014,4081 Bay Parkway,175.21
582403,Nico Kochs,nkochsg0@seattletimes.com,2278393657,7486 Burning Wood Pass,265.55
91177,Xerxes Roubert,xroubertg1@cpanel.net,1769978553,971 Carey Place,313.75
722075,Delinda Nanni,dnannig2@freewebs.com,7367197246,3267 Manley Trail,150.42
782659,Roseanna Greenard,rgreenardg3@marketwatch.com,1246383845,06 Heffernan Plaza,305.71
322460,Rena Buret,rburetg4@cbsnews.com,3698384552,35016 Morrow Alley,444.26
816884,Walther Crippill,wcrippillg5@wunderground.com,9403328859,0967 Jay Crossing,267.42
268552,Hertha Blackater,hblackaterg6@dropbox.com,7434058269,3 Garrison Alley,410.46
129447,Ingar Putley,iputleyg7@yandex.ru,2396549996,77 Riverside Avenue,371.98
145038,Pet Elliss,pellissg8@sina.com.cn,5447138199,86048 Cottonwood Hill,421.77
243807,Kimbell Wilse,kwilseg9@mysql.com,4227194302,12 Golf View Parkway,352.79
52799,Aline Biscomb,abiscombga@cam.ac.uk,2412835899,49337 Sage Alley,445.07
433047,Lindsay Rosencrantz,lrosencrantzgb@chronoengine.com,1915992568,61805 Mayfield Crossing,196.99
399527,Joanna Foot,jfootgc@nyu.edu,1904196595,72 Ohio Lane,446.62
305665,Kimmie Kuhlen,kkuhlengd@parallels.com,4436791408,849 Lighthouse Bay Center,448.74
490808,Dottie Stocker,dstockerge@rakuten.co.jp,2129775983,5 Spohn Road,166.23
600293,Jeff Antognozzii,jantognozziigf@prnewswire.com,7083456748,8382 Lukken Lane,187.94
12115,Barris Challener,bchallenergg@mozilla.com,7608479775,4 Debra Way,320.49
522876,Etan Wickman,ewickmangh@shop-pro.jp,6431920700,784 Kim Point,392.68
313686,Stu Shorton,sshortongi@purevolume.com,1538610591,111 Elmside Place,211.34
789729,Powell Tessington,ptessingtongj@exblog.jp,1427868169,68 Anzinger Way,225.77
998295,Auguste Gurner,agurnergk@jimdo.com,7289052142,0 Gerald Circle,430.2
888273,Hermione Carik,hcarikgl@exblog.jp,1349425152,2 Glendale Street,432.66
153953,Vin Muncaster,vmuncastergm@un.org,6352217441,9968 Colorado Circle,167.6
438910,Lindsay McGuigan,lmcguigangn@dagondesign.com,6195553778,33371 Ohio Alley,382.94
420511,Roderic Pagen,rpagengo@examiner.com,9624388531,4362 Superior Circle,428.38
773689,Jaclin McGlynn,jmcglynngp@theguardian.com,6435192963,24 Arizona Alley,173.08
153570,Dmitri Bynold,dbynoldgq@mysql.com,5801442981,046 Dorton Drive,304.56
52166,Fax Goodban,fgoodbangr@thetimes.co.uk,4106048337,13 Hoepker Avenue,231.99
994424,Cordell Leftley,cleftleygs@omniture.com,7846993000,0293 Mosinee Parkway,228.05
361661,Zilvia Lardeux,zlardeuxgt@harvard.edu,9604669530,42 Clove Avenue,287.08
189654,Lenard Arrowsmith,larrowsmithgu@webnode.com,8178440901,41602 Mariners Cove Alley,326.29
146290,Roxy Stove,rstovegv@blogger.com,9735788002,9 Westend Terrace,317.66
848609,Randi Moxson,rmoxsongw@blogs.com,7418747368,0861 8th Circle,366.88
146537,Joell Cuxson,jcuxsongx@goodreads.com,4999692144,0201 Claremont Pass,197.09
122362,Silvie Enevoldsen,senevoldsengy@sina.com.cn,8779556866,0596 Ilene Circle,395.32
954359,Irena Gladtbach,igladtbachgz@ameblo.jp,8492971957,50 Red Cloud Point,375.53
50132,Nickolai Burdess,nburdessh0@sciencedirect.com,1987824742,556 Sugar Avenue,385.8
367431,Bobbette Mullins,bmullinsh1@wordpress.org,7528240712,057 Bunting Avenue,305.4
437298,Nelli Cubbon,ncubbonh2@pcworld.com,2647739625,73 Sycamore Street,222.65
101762,Meggi Akerman,makermanh3@goo.gl,5032285556,09 Duke Place,154.81
402341,Bobine MacGregor,bmacgregorh4@cbslocal.com,2193725758,86271 Summer Ridge Center,476.82
499153,Andy Fraschini,afraschinih5@barnesandnoble.com,4999603670,9841 Trailsway Plaza,189.2
604380,Dagny Lynett,dlynetth6@economist.com,3175654881,9101 Gale Pass,191.03
43012,Rianon Measor,rmeasorh7@loc.gov,8865402721,50 Continental Court,231.85
105722,Celestyna Olenikov,colenikovh8@oakley.com,7111368233,3 Mosinee Place,254.95
471392,Beau Heatly,bheatlyh9@tumblr.com,1493542315,3659 Bowman Trail,261.81
346024,Wheeler Eneas,weneasha@jigsy.com,9327990398,61 Texas Parkway,262.49
444443,Bayard Tison,btisonhb@go.com,6621529733,4 Prairieview Street,178.25
381511,Regina Sykes,rsykeshc@senate.gov,6466659178,888 Dryden Crossing,286.97
381800,Reyna Sheahan,rsheahanhd@arizona.edu,3453289129,961 East Street,342.64
918233,Koressa Yakobowitz,kyakobowitzhe@e-recht24.de,2278807090,9858 Moland Point,484.72
150031,Siegfried Dullard,sdullardhf@domainmarket.com,1871500368,7597 Montana Plaza,397.97
588989,Madelena Nertney,mnertneyhg@aol.com,7323965325,93139 Muir Alley,330.29
874698,Amby Woollaston,awoollastonhh@state.tx.us,8141928691,59 Dunning Junction,391.67
46952,Giraud Venes,gveneshi@intel.com,9326281833,8 Manitowish Road,247.12
447844,Vincenty Tuke,vtukehj@earthlink.net,9684392584,141 Monica Lane,211.26
792687,Chuck Ponder,cponderhk@bandcamp.com,2718616754,2 Butternut Crossing,436.64
558718,Emanuel Benedek,ebenedekhl@gravatar.com,4097586328,238 Hoepker Road,259.23
891215,Dorene Dymond,ddymondhm@wisc.edu,2174543950,86111 Twin Pines Place,403.91
422120,Mercy Dreghorn,mdreghornhn@zimbio.com,3348732001,58 Katie Drive,151.65
281861,Brinn Vonasek,bvonasekho@sbwire.com,5167170174,776 Vidon Plaza,206.56
987868,Lenard Pickup,lpickuphp@clickbank.net,5718442453,4 Vidon Drive,202.38
563942,Chrotoem Hymans,chymanshq@issuu.com,5039945985,18 Del Sol Pass,353.87
635419,Charlton Worton,cwortonhr@usnews.com,8363286011,4 Gateway Street,328.82
71484,Hobey Saur,hsaurhs@webnode.com,9137577441,76 Roxbury Park,336.26
55286,Jody Raddenbury,jraddenburyht@forbes.com,8837987147,3 Darwin Crossing,243.7
47868,Lesley Earp,learphu@rakuten.co.jp,9997729072,1 Schlimgen Way,233.3
504284,Link Cicero,lcicerohv@auda.org.au,3549773280,69 International Drive,379.43
654130,Kaylyn Cogman,kcogmanhw@cdc.gov,1522912616,70420 Old Shore Alley,388.75
847251,Domenic Schoenleiter,dschoenleiterhx@ft.com,3111087573,23141 New Castle Point,363.23
688003,Corri Blasetti,cblasettihy@qq.com,9468991690,7 Lakeland Way,219.42
726683,Felicio Alyonov,falyonovhz@chronoengine.com,9273550022,5 1st Court,459.84
911941,Towney Klass,tklassi0@noaa.gov,6463356569,26848 Waubesa Drive,356.51
224266,Ashly Thornham,athornhami1@apple.com,7565855576,5742 Becker Trail,174.92
971071,Josee Astupenas,jastupenasi2@foxnews.com,8494770513,140 Bluestem Court,448.69
230575,Joanna Garaghan,jgaraghani3@51.la,7854233830,77 Jenifer Center,417.04
852051,Krystle Spearing,kspearingi4@dailymotion.com,3246905603,2807 Heath Street,399.3
46928,Christabel Dowda,cdowdai5@harvard.edu,4822157372,33381 Superior Alley,476.59
55389,Loren Lokier,llokieri6@thetimes.co.uk,5814066017,8 Carey Alley,419.1
569117,Gratiana Dedmam,gdedmami7@yelp.com,1918627503,6162 Portage Road,429
101044,Staford Walkey,swalkeyi8@microsoft.com,3374236787,21 Tennyson Lane,270.39
448165,Woodie Writer,wwriteri9@admin.ch,7995831588,338 Fair Oaks Crossing,359.35
254992,Ileane Llywarch,illywarchia@china.com.cn,4051339256,9513 Chinook Court,157.32
897300,Nissie Bedder,nbedderib@uol.com.br,3478472112,360 Eastlawn Point,256.49
783675,Karylin De Cruz,kdeic@webs.com,5505720596,4405 Autumn Leaf Center,246.73
624143,Saunderson Kinneir,skinneirid@wikia.com,8376473146,49229 Summer Ridge Terrace,257.85
69493,Jolyn Helian,jhelianie@mac.com,6752109610,3 Dorton Lane,243.24
734086,Alyss Karle,akarleif@51.la,2301694713,2779 Eagan Lane,192.81
547638,Noelyn Gregoratti,ngregorattiig@gizmodo.com,1223338308,5414 Oxford Point,366.79
322630,Beatriz Rabbage,brabbageih@google.cn,4447427411,7576 Transport Plaza,177.72
865859,Bettina Beningfield,bbeningfieldii@intel.com,2444262946,854 Macpherson Park,414
224904,Jerrie Preedy,jpreedyij@google.com.hk,7734823706,3391 Mayer Terrace,491.42
652615,Remy Oulett,roulettik@diigo.com,6177240521,9181 Bartillon Lane,150.58
739069,Enrico Swindon,eswindonil@ibm.com,7266135182,46517 Macpherson Park,412.5
460191,Marcia Salvin,msalvinim@biglobe.ne.jp,1513647029,6 Becker Park,435.72
448132,Drucill Savery,dsaveryin@tripadvisor.com,5469799043,24 American Ash Circle,449.38
349271,Raffaello Thomke,rthomkeio@t-online.de,1884264298,5514 Dexter Street,424.91
550133,Rosita Pavlovic,rpavlovicip@hhs.gov,9911903312,3057 Rusk Court,490.33
223915,Tiler McCulloch,tmccullochiq@g.co,7758985209,41 New Castle Lane,193.61
696691,Gleda Enright,genrightir@google.es,6542036143,619 Tennessee Street,434.58
591447,Granville Persicke,gpersickeis@virginia.edu,4046645309,78 Dwight Junction,357.84
156153,Di Presnell,dpresnellit@domainmarket.com,2746100017,93 Northland Center,491.05
794039,Garold Stollery,gstolleryiu@tumblr.com,2058457366,05117 Meadow Vale Junction,305
777743,Shaw Hayle,shayleiv@engadget.com,3825026723,800 Emmet Crossing,472.27
14894,Aharon Suero,asueroiw@vinaora.com,1851618690,5153 Bultman Court,245.8
767468,Crichton Giacobo,cgiacoboix@dell.com,6455059279,414 Kim Avenue,477.26
279849,Claudetta Smooth,csmoothiy@github.io,3715027404,904 Wayridge Circle,340.43
894881,Manny Gaukrodge,mgaukrodgeiz@rakuten.co.jp,7577095659,0 Boyd Lane,210.48
801508,Cris Francescuccio,cfrancescuccioj0@github.com,7651108521,3878 Ludington Lane,424.18
310381,Odessa Darrington,odarringtonj1@dailymotion.com,3246794170,80446 Artisan Park,402.47
110571,Devlen Harding,dhardingj2@fastcompany.com,4502931531,7756 Thierer Court,411.21
150850,Yoshiko Doole,ydoolej3@thetimes.co.uk,8811633096,23721 Elmside Road,308.03
507993,Averil Worral,aworralj4@tinyurl.com,5535678819,486 Sunfield Junction,485.59
769586,Jerrie Kayley,jkayleyj5@tumblr.com,7647430072,32418 Old Gate Circle,335.39
984798,Edie Palatini,epalatinij6@dell.com,2675634938,03 Center Pass,242.86
428515,Wynnie Miranda,wmirandaj7@bbb.org,2055170898,931 Graceland Court,180.52
601921,Tim Scanes,tscanesj8@ted.com,6856650551,31310 Grasskamp Road,203.37
929820,Ediva Robbe,erobbej9@auda.org.au,3146103935,77 Susan Alley,349.08
556683,Natalie Gowers,ngowersja@yahoo.com,9396818256,5 Bayside Lane,439.25
873745,Mischa Nieass,mnieassjb@miibeian.gov.cn,5991762119,5777 Susan Trail,351.88
233107,Sharona Jansen,sjansenjc@wisc.edu,3727768535,18 Carberry Terrace,434.2
820606,Codie Navein,cnaveinjd@amazon.co.jp,7777742072,46 Prairieview Alley,308.71
664281,Rivy Agneau,ragneauje@plala.or.jp,3109464543,634 Mallard Street,409.63
576311,Siffre Le Friec,slejf@latimes.com,1374263244,79 Dovetail Point,417.38
742295,Vincent Conechie,vconechiejg@ameblo.jp,8931267285,57930 John Wall Drive,154.54
491819,Melosa Huband,mhubandjh@weebly.com,3751844823,8942 Huxley Trail,320.66
713836,Melamie Stango,mstangoji@wikispaces.com,4027075493,4 Upham Junction,337.03
905956,Lamont Waud,lwaudjj@w3.org,4018530527,63022 Superior Parkway,173.82
487090,Selle Keohane,skeohanejk@apple.com,3606267684,12109 Miller Terrace,221.43
137938,Currey Ketch,cketchjl@foxnews.com,9803532246,23 Oxford Place,334.82
47325,Nial Lidbetter,nlidbetterjm@istockphoto.com,1706447412,2903 Valley Edge Pass,287.82
184871,Broderick Quince,bquincejn@gizmodo.com,3125400154,8 Hoard Hill,379.33
51294,Kalinda Antuk,kantukjo@stumbleupon.com,3815430296,87 Messerschmidt Avenue,452.95
572318,Conchita Niccols,cniccolsjp@biblegateway.com,9483773184,49 Tennyson Lane,158.17
686808,Court Otham,cothamjq@jugem.jp,1662680577,25729 Surrey Parkway,159.82
111533,Maurizia Cherry Holme,mcherryjr@mayoclinic.com,3418938415,966 Vidon Hill,461.94
39467,Riki Messruther,rmessrutherjs@oaic.gov.au,3281718737,738 American Ash Way,287.41
320885,Tamarra Chalcroft,tchalcroftjt@army.mil,9663000101,4016 Fisk Hill,229.33
621772,Fina Graben,fgrabenju@gnu.org,6088066165,5269 Stone Corner Pass,305.34
191689,Rudie Lockyer,rlockyerjv@businessweek.com,8232331988,879 Mallory Parkway,185.51
446307,Kathryn Ruller,krullerjw@gmpg.org,8251277136,0 Memorial Lane,209.47
885495,Art Pusey,apuseyjx@seattletimes.com,9295403415,65531 Caliangt Point,281.34
229054,Adrian Ingry,aingryjy@arizona.edu,5756191255,58932 Blaine Junction,472.38
549541,Fair Plumridege,fplumridegejz@patch.com,9935245649,6803 Hoepker Street,167.63
552010,Charmian Mordaunt,cmordauntk0@flickr.com,7598259925,9 Pennsylvania Road,278.4
171285,Alysia Worlidge,aworlidgek1@mapy.cz,2932545167,4623 Lakeland Hill,464.78
616397,Corry Sotheby,csothebyk2@google.com.br,8896040488,534 Mesta Street,456.57
985984,Tobie Rope,tropek3@bing.com,9473732181,475 High Crossing Point,397.69
304714,Terrye Pavelin,tpavelink4@cisco.com,1283526556,0 Mitchell Hill,222.04
104823,Tamar Juzek,tjuzekk5@nymag.com,1332272991,1 Jenna Street,307.51
671444,Homerus Horlick,hhorlickk6@newyorker.com,2505960309,2498 Jenna Crossing,362.93
628563,Dannel Gun,dgunk7@icio.us,8717397674,69107 Express Parkway,494.41
831358,Odetta Carnell,ocarnellk8@pagesperso-orange.fr,9994245904,59266 Tennyson Circle,395.77
922671,Dixie Dalliston,ddallistonk9@ycombinator.com,7008297033,179 Mesta Place,255.31
710649,Beverley Dougan,bdouganka@abc.net.au,2242202398,1332 South Drive,179.58
378180,Pepe Goulborn,pgoulbornkb@discuz.net,1578284219,265 Stang Drive,347.4
608862,Zerk Deverell,zdeverellkc@google.ca,8238209354,37 Kim Road,368.84
763305,Fanni Scouller,fscoullerkd@techcrunch.com,5406978928,83777 Kim Hill,409.65
981573,Britt Allsop,ballsopke@bbc.co.uk,1876438067,57 Claremont Hill,302.71
521670,Kirsti Torbeck,ktorbeckkf@opera.com,7094418389,0218 Ridgeway Point,159.85
744797,Ogden Ziemen,oziemenkg@freewebs.com,7769071566,95 1st Pass,481
216967,Ellen Holley,eholleykh@gov.uk,2371888980,2 Amoth Road,165.2
808399,Kali Carr,kcarrki@oracle.com,9275257824,1970 Thompson Place,153.8
638981,Tannie Berkelay,tberkelaykj@cocolog-nifty.com,1443612236,4624 Rieder Center,369.67
688670,Hali Sawer,hsawerkk@instagram.com,5954229381,5 Coleman Center,209.62
824620,Todd Lamartine,tlamartinekl@squidoo.com,2621085060,95 Sutteridge Drive,456.97
292667,Alric Lundon,alundonkm@imdb.com,3721364163,47 Pine View Terrace,156.87
956741,Bibi Bendel,bbendelkn@creativecommons.org,9099137452,89 Brickson Park Crossing,420.11
836509,Kiri Pires,kpiresko@wikia.com,5398742032,1030 Rowland Parkway,435.79
265037,Inga Avramovsky,iavramovskykp@free.fr,7265573986,6651 Northridge Alley,383.43
51954,Osborn Kampshell,okampshellkq@omniture.com,2468548595,2324 Mcguire Hill,194.6
327233,Donavon Langrick,dlangrickkr@oaic.gov.au,8506134569,067 Bultman Drive,181.11
302633,Hilda Andrew,handrewks@wufoo.com,1455986706,3 Hermina Court,154.11
474948,Nathanil Flanders,nflanderskt@cargocollective.com,1812439323,3 Lotheville Place,258.57
421638,Marris Hannabuss,mhannabussku@ebay.co.uk,8241754819,67 Green Ridge Point,459.97
287948,Aidan Slack,aslackkv@noaa.gov,1507943548,0 Boyd Drive,479.42
858839,Alexa Luebbert,aluebbertkw@cdc.gov,4287812789,9 Pond Way,234.05
180975,Karla Voas,kvoaskx@meetup.com,4053368217,18314 Hermina Road,209.17
179168,Anissa Partner,apartnerky@livejournal.com,6275745385,8 Havey Park,307.56
708411,Xenos Fone,xfonekz@youtu.be,2068936138,78 Grasskamp Park,226.13
418344,Vic Izachik,vizachikl0@marriott.com,7806314172,117 Armistice Point,307.94
831385,Cecelia Retallick,cretallickl1@nbcnews.com,3729397852,407 Waubesa Way,481.52
151671,Cornelius Hann,channl2@vistaprint.com,9896188544,5 Lake View Way,175.06
44230,Vannie Scammonden,vscammondenl3@virginia.edu,1146788196,64 Westridge Junction,286.71
93357,Kristos Aldersley,kaldersleyl4@kickstarter.com,2148473349,5621 Oneill Road,327.96
833685,Steffie Sturte,ssturtel5@answers.com,6027759359,0 Dawn Drive,322.81
729790,Byrann Moysey,bmoyseyl6@unc.edu,7559041514,67 Kingsford Alley,297.22
146476,Shelley Farlambe,sfarlambel7@wikispaces.com,2082676389,1791 Grasskamp Park,225.3
927885,Mellisa Speedin,mspeedinl8@bbc.co.uk,9963449647,498 Golden Leaf Trail,451.31
987336,Eunice Wheatley,ewheatleyl9@army.mil,9584726908,1368 Leroy Plaza,259.46
853129,Consalve Oram,coramla@booking.com,5317757437,94673 Longview Crossing,279.55
755435,Tobin Sliney,tslineylb@shinystat.com,2799043555,79 Northridge Lane,322.72
487676,Maura Cuell,mcuelllc@admin.ch,2334801392,69523 Westend Alley,251.81
232255,Violetta Threadgould,vthreadgouldld@economist.com,7175470435,0 Southridge Alley,446.63
295303,Adriane Dallyn,adallynle@is.gd,7028385748,118 Mendota Court,362.34
453707,Case Matissoff,cmatissofflf@altervista.org,6285799509,58 Westport Way,297.23
543181,Austin Ivanchenkov,aivanchenkovlg@netscape.com,2836891861,6 Spaight Junction,215.37
239092,Gwenora Kaplan,gkaplanlh@opera.com,2165790900,1385 Sutherland Way,189.97
746233,Sandy Shepland,ssheplandli@opera.com,1465233725,947 Hansons Place,207.75
31255,Chelsey Narducci,cnarduccilj@microsoft.com,8667782729,00 Vera Circle,387.64
69302,Haven Chittenden,hchittendenlk@ustream.tv,3503737001,8 Kropf Trail,195.32
969329,Stephana Antonacci,santonaccill@wix.com,5631663258,57 Kim Park,260.4
143481,Norry Popplestone,npopplestonelm@4shared.com,4827628215,67329 Sullivan Street,335.68
643290,Tabbie Wreath,twreathln@hubpages.com,2506361244,92 Oxford Junction,155.49
228068,Rusty Fahy,rfahylo@shop-pro.jp,4309881409,73090 Little Fleur Hill,284.92
317636,Minta Cartin,mcartinlp@state.tx.us,6766512622,871 Bellgrove Court,155.82
530232,Honey Comellini,hcomellinilq@netlog.com,1485337707,56 Fairfield Way,229.2
648043,Godart Coldrick,gcoldricklr@seattletimes.com,8347484084,38117 Ryan Road,440.71
918449,Cristine Dettmar,cdettmarls@addthis.com,9062798826,2099 Sachtjen Junction,404.08
497310,Alec Beardshall,abeardshalllt@fda.gov,6736718111,0 Columbus Plaza,497.88
723765,Glad Maddern,gmaddernlu@dot.gov,6763832339,392 High Crossing Trail,315.79
159307,Ave Cristol,acristollv@arizona.edu,9888163109,937 Bartelt Parkway,471.3
340505,Hermon Ankrett,hankrettlw@com.com,7201058415,856 Utah Parkway,201.96
333592,Raynell Drewes,rdreweslx@examiner.com,4377431809,3118 Fremont Place,392.79
955975,Daniella Delacour,ddelacourly@163.com,1622578799,8358 Springs Terrace,322.34
669926,Lizbeth Hek,lheklz@sfgate.com,3163033667,6 Hudson Way,276.76
846644,Netty Simants,nsimantsm0@china.com.cn,4207225498,6 Morrow Way,216.72
128989,Clare Eyer,ceyerm1@hexun.com,6792693296,53 Oriole Trail,295.13
961143,Gilli Paolino,gpaolinom2@salon.com,8725888682,3556 Waxwing Terrace,180.39
369365,Vivianne Caws,vcawsm3@virginia.edu,1165585044,25 Spaight Plaza,221.94
334863,Claire Goodswen,cgoodswenm4@army.mil,4769512390,19971 Eagan Hill,413.01
801174,Annabel Rampage,arampagem5@netscape.com,3147240710,45940 Hagan Street,472
882265,Rhiamon Braune,rbraunem6@liveinternet.ru,9351734279,3415 Porter Court,340.14
246240,Milzie Dumpleton,mdumpletonm7@smh.com.au,9096612558,36393 Michigan Point,329.69
383903,Darya Humbatch,dhumbatchm8@sogou.com,2209372388,513 Hoard Center,399.55
95054,Lon Nestor,lnestorm9@nature.com,5246612685,1039 Granby Circle,397.79
401791,Paloma Woollends,pwoollendsma@moonfruit.com,2619284504,6 Lighthouse Bay Hill,480.22
625538,Carmine Fitzsimmons,cfitzsimmonsmb@loc.gov,8109593851,5572 Golf View Avenue,204.76
445705,Udell Thying,uthyingmc@parallels.com,7721236788,3 Claremont Place,376.46
229107,Jacqui Sharpus,jsharpusmd@dot.gov,5853859828,859 Mcbride Pass,394.39
428998,Thorvald Benech,tbenechme@npr.org,8652942683,49333 Victoria Terrace,165.63
589449,Tiff Studde,tstuddemf@homestead.com,2347170246,35 Division Center,309.04
698015,Trevar Clitsome,tclitsomemg@cargocollective.com,7741386587,04 Elmside Court,275.89
601974,Sutherlan Jardin,sjardinmh@mozilla.org,8037008424,5167 Warrior Pass,258.34
668612,Barn Yelding,byeldingmi@icio.us,7881000185,12604 Packers Circle,215.19
604513,Giulio Wooton,gwootonmj@tumblr.com,3719042792,96 Holmberg Alley,347.86
376570,Roslyn Pinnick,rpinnickmk@4shared.com,7734163673,632 Pleasure Circle,454.11
420073,Iolande Streak,istreakml@go.com,8837362718,35 Vera Hill,364.89
952980,Chelsey MacTurlough,cmacturloughmm@google.ru,7577861968,1 Twin Pines Street,483.29
551097,Hatty Shirrell,hshirrellmn@networksolutions.com,4829066830,8025 Village Green Alley,414.75
920192,Deloris Twaite,dtwaitemo@weather.com,2063157963,42 Nobel Road,368.28
974602,Shel Scottrell,sscottrellmp@bandcamp.com,1085506249,35414 Mccormick Avenue,162.08
227559,Alaric Shillan,ashillanmq@theglobeandmail.com,2826324133,80083 Dottie Lane,159.05
618916,Northrop Batman,nbatmanmr@si.edu,5616852054,741 Marquette Hill,258.97
553196,Lise Billie,lbilliems@hp.com,5977977606,3 3rd Junction,427.53
629246,Jodie Possek,jpossekmt@domainmarket.com,9424684734,672 West Court,441.43
317521,Corty Tole,ctolemu@amazon.co.jp,2873194653,02 Maple Wood Place,183.59
108898,Aila Nuemann,anuemannmv@fema.gov,2397861836,2636 Melody Hill,321.51
103254,Ragnar Durrance,rdurrancemw@theguardian.com,6669051746,51 Sycamore Lane,419.45
463129,Gannie Yokel,gyokelmx@sphinn.com,5066930678,75 Springs Plaza,338.31
545784,Lovell Mousley,lmousleymy@nps.gov,6965877963,523 Johnson Terrace,213.02
464972,Franz Lambotin,flambotinmz@people.com.cn,5392526550,77757 Rutledge Terrace,158.73
812358,Judie Hazelton,jhazeltonn0@hubpages.com,7102313954,1494 Steensland Terrace,233.45
910779,Hermia Collison,hcollisonn1@usgs.gov,3022145898,99 Fremont Center,395.57
407055,Mill Warriner,mwarrinern2@webmd.com,6935070987,4 Warner Point,388.95
603738,Calli Greatham,cgreathamn3@discovery.com,5072050375,567 Anniversary Terrace,419.33
137176,Artair Holtum,aholtumn4@cafepress.com,6107747674,52848 Manitowish Place,225.17
733096,Miof mela Ondrousek,mmelan5@wsj.com,5162078780,668 Loomis Street,476.83
600778,Selinda Dornin,sdorninn6@mit.edu,7329130953,9202 Sunnyside Place,369.18
789961,Evaleen Harce,eharcen7@uol.com.br,9838322778,5 Knutson Road,416.88
878699,Georgia Truckett,gtruckettn8@gravatar.com,6646960621,93 Fulton Trail,371.67
972439,Alyss Brauner,abraunern9@nih.gov,7021108684,7944 Kedzie Trail,367.01
23489,Sybille Jeal,sjealna@multiply.com,4481723086,824 Summer Ridge Pass,262.11
541222,Brandyn Snellman,bsnellmannb@xrea.com,8449550419,6 Carioca Way,398.01
418896,Ceciley Le Grice,clenc@wordpress.com,5977356653,05148 Golf Alley,221.59
353636,Sheree Horney,shorneynd@tinyurl.com,6895059998,1025 3rd Lane,153.35
901483,Shawna Caston,scastonne@scribd.com,4534354711,811 Sullivan Trail,306.32
980608,Melony Jeratt,mjerattnf@wix.com,7831749744,47154 Walton Court,319.73
130795,Gilbertina Calrow,gcalrowng@technorati.com,6304288853,99823 Graceland Crossing,323.81
247355,Shanna Craythorn,scraythornnh@woothemes.com,5509639814,76923 Lunder Hill,291.44
373610,Lorrin Mertel,lmertelni@engadget.com,8298594586,3989 Acker Pass,162.29
704898,Mathew Grzelewski,mgrzelewskinj@ocn.ne.jp,9834890941,3 Trailsway Avenue,396.22
165907,Kizzee Wennington,kwenningtonnk@gizmodo.com,4236244285,05333 Carpenter Pass,478.62
617426,Shae Cubbino,scubbinonl@google.com.br,4654160219,7 Oak Valley Alley,313.18
412549,Carolyn Brigginshaw,cbrigginshawnm@google.pl,2824080250,5872 Charing Cross Lane,340.92
122712,Colby Marchi,cmarchinn@msn.com,9192859676,72 Marcy Avenue,326.84
983997,Sherill Lehrle,slehrleno@mapquest.com,2303863589,1 Di Loreto Pass,407.57
22104,Langsdon Mullin,lmullinnp@opera.com,3625105914,4 Pleasure Avenue,329.55
584453,Inigo Creber,icrebernq@weibo.com,4543650405,64 Homewood Way,420.75
794875,Adelheid Orrobin,aorrobinnr@chicagotribune.com,2311446602,5930 Starling Drive,319.24
650006,Maisie Dietsche,mdietschens@cocolog-nifty.com,9715544251,94 Union Junction,268.12
179770,Davida Blindmann,dblindmannnt@liveinternet.ru,8227841276,503 Gulseth Park,427.39
419525,Sandor Seabrooke,sseabrookenu@mtv.com,9895913561,29 Dawn Parkway,411.49
628757,Anallese Sellen,asellennv@abc.net.au,4143855141,66 Express Junction,351.81
384477,Danette Kilcoyne,dkilcoynenw@tinypic.com,5578372903,1 Grim Junction,456.14
463338,Sephira Burwell,sburwellnx@toplist.cz,8221709552,626 Orin Avenue,172.48
242388,Frankie Plesing,fplesingny@qq.com,8413105932,7159 Forest Dale Trail,208.42
152613,Puff Gludor,pgludornz@uol.com.br,8306403106,6041 Jenifer Point,370.43
99043,Justin Hirche,jhircheo0@ox.ac.uk,5898185326,7 Walton Junction,475.91
884472,Ray Scotter,rscottero1@harvard.edu,5424789484,72 Express Pass,491.86
803062,Freddy Beltzner,fbeltznero2@mozilla.org,8471791894,662 Porter Court,255.86
298599,Bronson Waind,bwaindo3@yolasite.com,5117837116,062 Welch Crossing,399.8
736551,Anabella Minards,aminardso4@slashdot.org,7488801205,6 Stuart Park,444.69
622859,Wallis MacArd,wmacardo5@cbc.ca,1885529221,67323 Corben Junction,396.61
616033,Ami Hunnam,ahunnamo6@techcrunch.com,4111253437,58 Dayton Avenue,260.15
744755,Shane Khomin,skhomino7@istockphoto.com,7128460258,6323 Judy Avenue,320.7
815793,Ynes Valentelli,yvalentellio8@surveymonkey.com,6986860439,8 Service Circle,277.28
850086,Florri Aldington,faldingtono9@sina.com.cn,6347920364,4877 David Road,223.96
528603,Felix Helgass,fhelgassoa@fc2.com,8049265663,3685 Talmadge Hill,250.52
140485,Mirabella Berkery,mberkeryob@hexun.com,3872839922,4050 Del Mar Avenue,324.55
266076,Henka Happel,hhappeloc@jiathis.com,6588420398,9 Florence Plaza,342.14
606112,Vail Conochie,vconochieod@dailymail.co.uk,5135759226,84484 Montana Court,335.17
618132,Hewie Bricket,hbricketoe@51.la,9667777235,4964 Mcbride Terrace,300.39
43593,Bobine Lethcoe,blethcoeof@indiatimes.com,4531487082,68 Pearson Court,450.21
858457,Ora Finden,ofindenog@unicef.org,6841533689,69155 Grayhawk Hill,369.7
533499,Tomasina Dixson,tdixsonoh@sfgate.com,4367327068,2720 Marcy Place,431.76
354924,Kim Aspenlon,kaspenlonoi@stanford.edu,5773503583,09 Lyons Crossing,248.11
133126,Calv Kippax,ckippaxoj@japanpost.jp,5279180487,55 Stone Corner Street,421.77
315948,Evvy Jeschner,ejeschnerok@tripod.com,9772135764,38 Bowman Park,450.99
985712,Hunter McDaid,hmcdaidol@blogger.com,2988397927,63 Mesta Plaza,239.4
599746,Nollie Goble,ngobleom@hubpages.com,6795237648,941 Gulseth Circle,282.55
831227,Rycca Linacre,rlinacreon@discovery.com,6392985091,85 Glacier Hill Parkway,290.75
729265,Caterina Pelman,cpelmanoo@dailymail.co.uk,8871400501,742 Spenser Lane,380.95
237026,Tracy Bitcheno,tbitchenoop@bloomberg.com,7412330860,8847 Judy Hill,391.17
439393,Guinevere McFadzean,gmcfadzeanoq@printfriendly.com,6847810216,5126 Sachs Parkway,346.16
214406,Patty Whisker,pwhiskeror@paginegialle.it,1337514834,09853 Anzinger Terrace,410.7
191147,Raquel Zeale,rzealeos@toplist.cz,8439828629,40 Westridge Center,163.96
355601,Tommy Sefton,tseftonot@clickbank.net,7664683596,3775 Heath Alley,185.57
140869,Rand Quayle,rquayleou@fc2.com,6191143611,76 Anhalt Street,439.8
968564,Lexie Iveson,livesonov@cam.ac.uk,8854693724,480 Vernon Parkway,303.01
910597,Joceline Marchand,jmarchandow@slate.com,6629935956,00808 Golden Leaf Pass,216.77
31001,Domenic Sharma,dsharmaox@foxnews.com,3858867702,3 Mitchell Hill,493.6
537750,Dino Yansons,dyansonsoy@hugedomains.com,9012431999,591 Dennis Court,483.22
548057,Giustina Bolin,gbolinoz@dailymotion.com,9723406790,205 Pleasure Drive,170.45
178543,Felike Hann,fhannp0@arizona.edu,6405594111,226 Rigney Drive,227.47
865783,Lynnette Zanetto,lzanettop1@un.org,3524938154,036 Arrowood Avenue,289.65
16130,Horace Swidenbank,hswidenbankp2@upenn.edu,8157696741,0 Little Fleur Terrace,336.14
358757,Nollie Caveney,ncaveneyp3@deliciousdays.com,4363671303,80458 Karstens Avenue,173.9
248314,Jorry Roose,jroosep4@rambler.ru,5197185547,491 Carioca Trail,167.26
827600,Vladimir Strainge,vstraingep5@fastcompany.com,7612600087,767 Hallows Center,400.29
841799,Gabrila Ableson,gablesonp6@jiathis.com,6454493590,34799 Warbler Alley,467.79
284365,Piper Suart,psuartp7@sohu.com,6372038932,055 Stuart Crossing,351.94
155211,Chastity Chester,cchesterp8@ifeng.com,6859003234,4 Arkansas Circle,167.42
23219,Emelyne Dowse,edowsep9@storify.com,9104836371,02 Schmedeman Terrace,221.08
721500,Merrie Mozzi,mmozzipa@answers.com,9508377542,709 Moland Avenue,384.07
160192,Deirdre Kopfer,dkopferpb@ezinearticles.com,5696571156,2 Emmet Crossing,423.6
751614,Lettie Coverley,lcoverleypc@skype.com,1597854870,13076 Warner Road,467.04
445285,Alejandro Samme,asammepd@sciencedaily.com,5264940980,102 Hallows Street,348.52
289651,Holt Cavie,hcaviepe@ca.gov,1976744029,3 Donald Place,273.67
503655,Jemimah Dosdale,jdosdalepf@noaa.gov,1311119199,6 Melrose Road,300.9
392616,Iago Tarplee,itarpleepg@webeden.co.uk,3579722079,6133 Melody Road,268.25
812732,Neal Londesborough,nlondesboroughph@disqus.com,3477119391,16 Clarendon Way,453.03
110745,Odilia Coots,ocootspi@vk.com,2819960512,41 Larry Park,329.5
495744,Brodie Walkington,bwalkingtonpj@wunderground.com,5785538219,7778 Wayridge Lane,151.38
208437,Freda Kment,fkmentpk@cisco.com,2746269341,46676 Crescent Oaks Place,245.96
153284,Fletch O'Carran,focarranpl@hao123.com,9416042397,4611 Service Lane,282.52
728752,Lindie Hayth,lhaythpm@wisc.edu,5255980396,960 Nancy Pass,421.04
824564,Pace Marchment,pmarchmentpn@businessweek.com,8566838700,10338 Shopko Trail,323.13
223810,Viviana Edess,vedesspo@de.vu,6201150946,1314 Havey Lane,351.06
428809,Gisela Barten,gbartenpp@homestead.com,6406251335,3766 Havey Road,374.48
941584,Tawnya McGinty,tmcgintypq@instagram.com,7421139406,143 Warrior Terrace,232.88
76530,Lorena Menlove,lmenlovepr@netscape.com,6938652492,9839 Lillian Street,370.3
387733,Duncan Ferrierio,dferrieriops@miibeian.gov.cn,4089334364,19481 Crownhardt Place,256.7
297985,Katee Garlette,kgarlettept@fotki.com,8392912381,0720 Knutson Lane,468.78
240994,Kamila Syfax,ksyfaxpu@plala.or.jp,2126763889,344 Mockingbird Plaza,306.72
18916,Ichabod Jahncke,ijahnckepv@free.fr,3085697995,413 Sauthoff Plaza,228.71
134643,Timothea Judge,tjudgepw@baidu.com,3045367369,6738 Mayfield Avenue,211.9
65312,Andie Willcock,awillcockpx@mediafire.com,4193400138,13817 Meadow Ridge Drive,262.6
605607,Ailbert Havock,ahavockpy@bloglovin.com,8014007612,5652 Carioca Court,366.67
48630,Kahlil Storek,kstorekpz@pcworld.com,9716238566,55 Swallow Court,220.6
418475,Jonah Warde,jwardeq0@acquirethisname.com,4089738584,190 Delaware Road,465.45
344271,Mikaela Hryniewicz,mhryniewiczq1@wix.com,2863288600,5 Karstens Alley,301.96
332628,Emmott Jury,ejuryq2@auda.org.au,4023995570,343 Oak Place,162.3
771217,Tiffy Merriton,tmerritonq3@wikimedia.org,2397122471,71 Lawn Parkway,472.22
972789,Vincents Kynson,vkynsonq4@youku.com,2705237372,202 Mcbride Park,254.9
126669,Inna Bengochea,ibengocheaq5@google.pl,9347467672,334 Aberg Way,383.23
775942,Javier Brandsma,jbrandsmaq6@bandcamp.com,7743172294,831 Fair Oaks Circle,304.7
865478,Moises Zanicchi,mzanicchiq7@simplemachines.org,2769712621,5666 West Way,329.86
912309,Lucy Santus,lsantusq8@etsy.com,5986664557,9 Butterfield Road,363.88
449162,Hillery Sterre,hsterreq9@rambler.ru,3141392269,4222 Brickson Park Lane,234.57
518400,Ellyn Olkowicz,eolkowiczqa@wunderground.com,4941469184,40998 Lakewood Gardens Parkway,427.85
797976,Lamond Speedy,lspeedyqb@prweb.com,9705042004,7 John Wall Drive,434.98
235303,Curr Skene,cskeneqc@1und1.de,8866463805,5382 Oak Hill,174.37
388968,Beniamino Wotherspoon,bwotherspoonqd@xinhuanet.com,8073656464,40 Kedzie Way,187.7
985655,Chloette Bebbington,cbebbingtonqe@hud.gov,2335622598,935 7th Park,357.67
904169,Edie Spire,espireqf@skype.com,1845893750,8242 Buhler Park,266.5
185891,Kimberli Wands,kwandsqg@loc.gov,6348496236,63493 Mesta Center,429.21
416603,Dayle Franzonello,dfranzonelloqh@amazon.de,4337976559,34 Westerfield Crossing,160.26
878681,Kalinda Boyfield,kboyfieldqi@prweb.com,7361024688,39838 2nd Way,165.01
333451,Cynthia Spain,cspainqj@cnbc.com,1198703929,72757 Spaight Plaza,486
218451,Marget Wagen,mwagenqk@microsoft.com,2095136683,90 Longview Street,273.9
887513,Reed Eccott,reccottql@delicious.com,1622208214,742 Hazelcrest Plaza,489.3
802862,Karlie Broughton,kbroughtonqm@cocolog-nifty.com,7731547707,90919 Roth Road,411.27
806282,Goober Kernley,gkernleyqn@qq.com,5089437637,72 American Terrace,464.58
347368,Waylan Chatell,wchatellqo@vinaora.com,4564809156,61610 Cardinal Alley,262.74
653864,Tyrus Kainz,tkainzqp@google.com,5543508563,7 Westend Park,269.44
810654,Aluin Weddell,aweddellqq@usa.gov,7133352479,630 Badeau Crossing,281.86
99650,Hans McAloren,hmcalorenqr@yandex.ru,7312551451,75876 Hauk Center,200.91
851172,Winne Boomes,wboomesqs@sina.com.cn,6243137522,4 Lerdahl Hill,444.45
762733,Laure Fortie,lfortieqt@theguardian.com,1592000486,27257 Saint Paul Circle,306.79
964538,Garrot Farrimond,gfarrimondqu@archive.org,6283094742,384 Golf Course Avenue,470.63
392786,Yorker Hewes,yhewesqv@mail.ru,2306725317,45 Florence Junction,444.42
598173,Annelise Di Biasio,adiqw@bloglovin.com,4318868511,40497 Myrtle Street,442.28
913785,Mahala Maskrey,mmaskreyqx@biglobe.ne.jp,4989240367,6929 Sunnyside Pass,316.95
908427,Saudra Bernard,sbernardqy@washingtonpost.com,9784571867,0870 Tennyson Center,368.54
17992,Katrine Yetton,kyettonqz@java.com,7993876536,177 Moose Pass,274.45
651581,Son Zaczek,szaczekr0@fastcompany.com,5319504545,199 Ohio Plaza,426.05
807623,Britta Cinnamond,bcinnamondr1@jiathis.com,2827933756,76 Anzinger Hill,209.01
952681,Darby Larcier,dlarcierr2@house.gov,7507181765,46 David Way,263.99
426584,Jodi Marples,jmarplesr3@feedburner.com,1337967889,4 Garrison Alley,332.54
907918,Monroe Thirkettle,mthirkettler4@wsj.com,2877985645,6 Trailsway Place,257.89
743017,Loreen Jeacocke,ljeacocker5@eventbrite.com,1209644285,06736 Westerfield Park,333.34
537531,Theadora Garaway,tgarawayr6@php.net,9283853003,087 Blue Bill Park Plaza,327.97
53271,Doria Kinde,dkinder7@geocities.jp,8418947051,24381 Dawn Point,418.49
600545,Melodie Hughland,mhughlandr8@tripadvisor.com,2402782938,02012 Hintze Court,174.76
666720,Annalee Shutler,ashutlerr9@i2i.jp,1089710656,3 Russell Trail,356.68
468093,Lionello McGavin,lmcgavinra@behance.net,6391862608,192 Granby Terrace,275.41
143381,Saundra Ravenscraft,sravenscraftrb@geocities.com,7871551883,8 Pond Circle,499.53
764308,Lavina Nelthorp,lnelthorprc@nps.gov,8966167642,474 Lyons Trail,394.93
390174,Lynelle Speirs,lspeirsrd@latimes.com,2531410772,58 Nancy Parkway,267.78
209112,Cally Corneliussen,ccorneliussenre@spiegel.de,5025281946,842 Gale Point,193.6
417430,Sadye Pressland,spresslandrf@wordpress.org,1092505751,00 Troy Pass,232.75
632663,Pippa Beament,pbeamentrg@scribd.com,9075117740,09350 Lyons Street,427.9
394073,Roselin Yurevich,ryurevichrh@blogspot.com,6465294338,7 Old Gate Pass,486.67
513769,Alyson Jozsef,ajozsefri@networkadvertising.org,2583148513,69 Evergreen Street,383.12
14727,Koo Santello,ksantellorj@weebly.com,2403580461,12 Crest Line Way,310.1
945643,Darda Storrock,dstorrockrk@cnn.com,8569579212,68761 Sheridan Road,296.67
239834,Goddart Thamelt,gthameltrl@uol.com.br,1884860952,50 Lunder Plaza,385.37
432324,Sonni Rosel,sroselrm@wsj.com,5597911726,9144 Judy Point,321.97
906278,Garek Sybbe,gsybbern@123-reg.co.uk,5009436433,7863 Thierer Court,232.89
322312,Herby Tewkesberrie,htewkesberriero@fastcompany.com,8451097792,3099 Atwood Place,242.3
897218,Edith Marcq,emarcqrp@dailymail.co.uk,5621849637,8166 Westend Lane,459.66
488835,Maryrose Petry,mpetryrq@hud.gov,6172605261,771 Sunnyside Street,173.53
509845,Shir O' Brian,sorr@ted.com,7343827820,7 Union Court,462.33
